,story,story_uid,sound_id,kind,start,sound,onset,duration,orig_time,phoneme,sequence_id,condition,word_index,speech_rate,voice,pronounced,word,intercept,is_sound,is_sound_or_not,half,task,session,label
7,,,,no_sound,,,23.806,0.00999999999999801,,,,,,,,,,,False,True,0,0,0,t0_s0_h0
13,,,,no_sound,,,24.055999999999997,3.552713678800501e-15,,,,,,,,,,,False,True,0,0,0,t0_s0_h0
19,,,,no_sound,,,24.426000000000002,0.1599999999999966,,,,,,,,,,,False,True,0,0,0,t0_s0_h0
25,,,,no_sound,,,24.985999999999997,0.15000000000000213,,,,,,,,,,,False,True,0,0,0,t0_s0_h0
36,,,,no_sound,,,25.676,0.0,,,,,,,,,,,False,True,0,0,0,t0_s0_h0
40,lw1,0.0,0.0,word,2.26,stimuli/audio/lw1_0.wav,25.766,0.27,2000-01-01 00:00:00+00:00,,0.0,sentence,7.0,205.0,Allison,1.0,first,1.0,True,True,0,0,0,t0_s0_h0
46,,,,no_sound,,,26.035999999999998,0.010000000000001563,,,,,,,,,,,False,True,0,0,0,t0_s0_h0
47,lw1,0.0,0.0,word,2.54,stimuli/audio/lw1_0.wav,26.046,0.31,2000-01-01 00:00:00+00:00,,0.0,sentence,8.0,205.0,Allison,1.0,tiny,1.0,True,True,0,0,0,t0_s0_h0
52,,,,no_sound,,,26.355999999999998,3.552713678800501e-15,,,,,,,,,,,False,True,0,0,0,t0_s0_h0
58,,,,no_sound,,,26.596,0.010000000000001563,,,,,,,,,,,False,True,0,0,0,t0_s0_h0
59,lw1,0.0,0.0,word,3.1,stimuli/audio/lw1_0.wav,26.606,0.1799999999999997,2000-01-01 00:00:00+00:00,,0.0,sentence,10.0,205.0,Allison,1.0,from,1.0,True,True,0,0,0,t0_s0_h0
63,lw1,0.0,0.0,word,3.28,stimuli/audio/lw1_0.wav,26.786,0.0700000000000002,2000-01-01 00:00:00+00:00,,0.0,sentence,11.0,205.0,Allison,1.0,the,1.0,True,True,0,0,0,t0_s0_h0
73,lw1,0.0,0.0,word,3.64,stimuli/audio/lw1_0.wav,27.146,0.29,2000-01-01 00:00:00+00:00,,0.0,sentence,13.0,205.0,Allison,1.0,craft,1.0,True,True,0,0,0,t0_s0_h0
80,,,,no_sound,,,27.436,0.010000000000001563,,,,,,,,,,,False,True,0,0,0,t0_s0_h0
84,,,,no_sound,,,27.596,0.0,,,,,,,,,,,False,True,0,0,0,t0_s0_h0
90,lw1,0.0,0.0,word,4.37,stimuli/audio/lw1_0.wav,27.876,0.08,2000-01-01 00:00:00+00:00,,0.0,sentence,16.0,205.0,Allison,1.0,in,1.0,True,True,0,0,0,t0_s0_h0
107,,,,no_sound,,,28.465999999999998,3.552713678800501e-15,,,,,,,,,,,False,True,0,0,0,t0_s0_h0
108,lw1,0.0,0.0,word,4.96,stimuli/audio/lw1_0.wav,28.466,0.1399999999999996,2000-01-01 00:00:00+00:00,,0.0,sentence,19.0,205.0,Allison,1.0,of,1.0,True,True,0,0,0,t0_s0_h0
111,,,,no_sound,,,28.606,0.0,,,,,,,,,,,False,True,0,0,0,t0_s0_h0
115,,,,no_sound,,,28.696,1.0599999999999987,,,,,,,,,,,False,True,0,0,0,t0_s0_h0
119,,,,no_sound,,,29.896,0.0,,,,,,,,,,,False,True,0,0,0,t0_s0_h0
127,lw1,0.0,0.0,word,6.78,stimuli/audio/lw1_0.wav,30.286,0.4199999999999999,2000-01-01 00:00:00+00:00,,1.0,sentence,2.0,205.0,Allison,1.0,constant,1.0,True,True,0,0,0,t0_s0_h0
143,lw1,0.0,0.0,word,7.41,stimuli/audio/lw1_0.wav,30.916,0.1200000000000001,2000-01-01 00:00:00+00:00,,1.0,sentence,4.0,205.0,Allison,1.0,of,1.0,True,True,0,0,0,t0_s0_h0
157,,,,no_sound,,,31.446,0.029999999999997584,,,,,,,,,,,False,True,0,0,0,t0_s0_h0
158,lw1,0.0,0.0,word,7.97,stimuli/audio/lw1_0.wav,31.476,0.160000000000001,2000-01-01 00:00:00+00:00,,1.0,sentence,6.0,205.0,Allison,1.0,air,1.0,True,True,0,0,0,t0_s0_h0
161,,,,no_sound,,,31.636,0.0,,,,,,,,,,,False,True,0,0,0,t0_s0_h0
166,,,,no_sound,,,31.795999999999996,3.552713678800501e-15,,,,,,,,,,,False,True,0,0,0,t0_s0_h0
167,lw1,0.0,0.0,word,8.29,stimuli/audio/lw1_0.wav,31.796,0.0900000000000016,2000-01-01 00:00:00+00:00,,1.0,sentence,8.0,205.0,Allison,1.0,the,1.0,True,True,0,0,0,t0_s0_h0
176,lw1,0.0,0.0,word,8.62,stimuli/audio/lw1_0.wav,32.126,0.200000000000001,2000-01-01 00:00:00+00:00,,1.0,sentence,10.0,205.0,Allison,1.0,above,1.0,True,True,0,0,0,t0_s0_h0
182,,,,no_sound,,,32.326,0.00999999999999801,,,,,,,,,,,False,True,0,0,0,t0_s0_h0
183,lw1,0.0,0.0,word,8.83,stimuli/audio/lw1_0.wav,32.336,0.1999999999999993,2000-01-01 00:00:00+00:00,,1.0,sentence,11.0,205.0,Allison,1.0,blew,1.0,True,True,0,0,0,t0_s0_h0
191,lw1,0.0,0.0,word,9.139999,stimuli/audio/lw1_0.wav,32.646,0.3900000000000005,2000-01-01 00:00:00+00:00,,1.0,sentence,13.0,205.0,Allison,1.0,annoying,1.0,True,True,0,0,0,t0_s0_h0
198,,,,no_sound,,,33.036,0.0,,,,,,,,,,,False,True,0,0,0,t0_s0_h0
215,,,,no_sound,,,33.696,0.0,,,,,,,,,,,False,True,0,0,0,t0_s0_h0
220,,,,no_sound,,,34.086,0.1600000000000037,,,,,,,,,,,False,True,0,0,0,t0_s0_h0
221,lw1,0.0,0.0,word,10.74,stimuli/audio/lw1_0.wav,34.246,0.1999999999999993,2000-01-01 00:00:00+00:00,,1.0,sentence,18.0,205.0,Allison,1.0,but,1.0,True,True,0,0,0,t0_s0_h0
229,,,,no_sound,,,34.616,0.0,,,,,,,,,,,False,True,0,0,0,t0_s0_h0
237,lw1,0.0,0.0,word,11.41,stimuli/audio/lw1_0.wav,34.916,0.1600000000000001,2000-01-01 00:00:00+00:00,,1.0,sentence,21.0,205.0,Allison,1.0,it,1.0,True,True,0,0,0,t0_s0_h0
241,,,,no_sound,,,35.07599999999999,0.3200000000000074,,,,,,,,,,,False,True,0,0,0,t0_s0_h0
242,lw1,0.0,0.0,word,11.889999,stimuli/audio/lw1_0.wav,35.396,0.1100000000000012,2000-01-01 00:00:00+00:00,,2.0,sentence,0.0,145.0,Allison,1.0,A,1.0,True,True,0,0,0,t0_s0_h0
244,,,,no_sound,,,35.506,0.0,,,,,,,,,,,False,True,0,0,0,t0_s0_h0
250,,,,no_sound,,,35.976,0.00999999999999801,,,,,,,,,,,False,True,0,0,0,t0_s0_h0
251,lw1,0.0,0.0,word,12.48,stimuli/audio/lw1_0.wav,35.986,0.2699999999999996,2000-01-01 00:00:00+00:00,,2.0,sentence,2.0,145.0,Allison,1.0,from,1.0,True,True,0,0,0,t0_s0_h0
256,lw1,0.0,0.0,word,12.75,stimuli/audio/lw1_0.wav,36.256,0.1300000000000007,2000-01-01 00:00:00+00:00,,2.0,sentence,3.0,145.0,Allison,1.0,the,1.0,True,True,0,0,0,t0_s0_h0
260,,,,no_sound,,,36.386,0.0,,,,,,,,,,,False,True,0,0,0,t0_s0_h0
267,lw1,0.0,0.0,word,13.42,stimuli/audio/lw1_0.wav,36.926,0.3200000000000003,2000-01-01 00:00:00+00:00,,2.0,sentence,5.0,145.0,Allison,1.0,broke,1.0,True,True,0,0,0,t0_s0_h0
273,,,,no_sound,,,37.246,0.00999999999999801,,,,,,,,,,,False,True,0,0,0,t0_s0_h0
274,lw1,0.0,0.0,word,13.75,stimuli/audio/lw1_0.wav,37.256,0.1999999999999993,2000-01-01 00:00:00+00:00,,2.0,sentence,6.0,145.0,Allison,1.0,her,1.0,True,True,0,0,0,t0_s0_h0
285,,,,no_sound,,,38.04600000000001,0.01999999999999602,,,,,,,,,,,False,True,0,0,0,t0_s0_h0
286,lw1,0.0,0.0,word,14.559999,stimuli/audio/lw1_0.wav,38.066,0.5200000000000014,2000-01-01 00:00:00+00:00,,2.0,sentence,8.0,145.0,Allison,1.0,vigil,1.0,True,True,0,0,0,t0_s0_h0
292,,,,no_sound,,,38.586000000000006,0.21999999999999176,,,,,,,,,,,False,True,0,0,0,t0_s0_h0
301,,,,no_sound,,,39.215999999999994,7.105427357601002e-15,,,,,,,,,,,False,True,0,0,0,t0_s0_h0
307,,,,no_sound,,,39.796,0.29999999999999716,,,,,,,,,,,False,True,0,0,0,t0_s0_h0
316,,,,no_sound,,,40.82599999999999,0.2600000000000051,,,,,,,,,,,False,True,0,0,0,t0_s0_h0
324,,,,no_sound,,,41.616,0.259999999999998,,,,,,,,,,,False,True,0,0,0,t0_s0_h0
328,,,,no_sound,,,42.105999999999995,7.105427357601002e-15,,,,,,,,,,,False,True,0,0,0,t0_s0_h0
337,,,,no_sound,,,42.716,0.00999999999999801,,,,,,,,,,,False,True,0,0,0,t0_s0_h0
338,lw1,0.0,0.0,word,19.22,stimuli/audio/lw1_0.wav,42.726,0.1600000000000001,2000-01-01 00:00:00+00:00,,3.0,sentence,4.0,145.0,Allison,1.0,the,1.0,True,True,0,0,0,t0_s0_h0
341,,,,no_sound,,,42.885999999999996,7.105427357601002e-15,,,,,,,,,,,False,True,0,0,0,t0_s0_h0
342,lw1,0.0,0.0,word,19.38,stimuli/audio/lw1_0.wav,42.886,0.2800000000000011,2000-01-01 00:00:00+00:00,,3.0,sentence,5.0,145.0,Allison,1.0,surge,1.0,True,True,0,0,0,t0_s0_h0
346,lw1,0.0,0.0,word,19.66,stimuli/audio/lw1_0.wav,43.166,0.1400000000000005,2000-01-01 00:00:00+00:00,,3.0,sentence,6.0,145.0,Allison,1.0,of,1.0,True,True,0,0,0,t0_s0_h0
350,,,,no_sound,,,43.306,0.0,,,,,,,,,,,False,True,0,0,0,t0_s0_h0
358,,,,no_sound,,,43.916,0.020000000000003126,,,,,,,,,,,False,True,0,0,0,t0_s0_h0
359,lw1,0.0,0.0,word,20.43,stimuli/audio/lw1_0.wav,43.936,0.1900000000000012,2000-01-01 00:00:00+00:00,,3.0,sentence,8.0,145.0,Allison,1.0,that,1.0,True,True,0,0,0,t0_s0_h0
363,,,,no_sound,,,44.126,0.0,,,,,,,,,,,False,True,0,0,0,t0_s0_h0
368,,,,no_sound,,,44.47599999999999,0.010000000000005116,,,,,,,,,,,False,True,0,0,0,t0_s0_h0
369,lw1,0.0,0.0,word,20.98,stimuli/audio/lw1_0.wav,44.486,0.2300000000000004,2000-01-01 00:00:00+00:00,,3.0,sentence,10.0,145.0,Allison,1.0,through,1.0,True,True,0,0,0,t0_s0_h0
373,,,,no_sound,,,44.715999999999994,7.105427357601002e-15,,,,,,,,,,,False,True,0,0,0,t0_s0_h0
374,lw1,0.0,0.0,word,21.21,stimuli/audio/lw1_0.wav,44.716,0.1799999999999997,2000-01-01 00:00:00+00:00,,3.0,sentence,11.0,145.0,Allison,1.0,her,1.0,True,True,0,0,0,t0_s0_h0
377,lw1,0.0,0.0,word,21.39,stimuli/audio/lw1_0.wav,44.896,0.120000000000001,2000-01-01 00:00:00+00:00,,3.0,sentence,12.0,145.0,Allison,1.0,as,1.0,True,True,0,0,0,t0_s0_h0
381,lw1,0.0,0.0,word,21.51,stimuli/audio/lw1_0.wav,45.016,0.2199999999999988,2000-01-01 00:00:00+00:00,,3.0,sentence,13.0,145.0,Allison,1.0,she,1.0,True,True,0,0,0,t0_s0_h0
385,,,,no_sound,,,45.236,0.0,,,,,,,,,,,False,True,0,0,0,t0_s0_h0
399,lw1,0.0,0.0,word,22.8,stimuli/audio/lw1_0.wav,46.306,0.120000000000001,2000-01-01 00:00:00+00:00,,3.0,sentence,15.0,145.0,Allison,1.0,the,1.0,True,True,0,0,0,t0_s0_h0
403,,,,no_sound,,,46.426,0.46999999999999886,,,,,,,,,,,False,True,0,0,0,t0_s0_h0
409,,,,no_sound,,,47.236,0.010000000000005116,,,,,,,,,,,False,True,0,0,0,t0_s0_h0
410,lw1,0.0,0.0,word,23.74,stimuli/audio/lw1_0.wav,47.246,0.1700000000000017,2000-01-01 00:00:00+00:00,,3.0,sentence,19.0,145.0,Allison,1.0,of,1.0,True,True,0,0,0,t0_s0_h0
420,,,,no_sound,,,47.815999999999995,7.105427357601002e-15,,,,,,,,,,,False,True,0,0,0,t0_s0_h0
421,lw1,0.0,0.0,word,24.31,stimuli/audio/lw1_0.wav,47.816,0.1900000000000012,2000-01-01 00:00:00+00:00,,3.0,sentence,21.0,145.0,Allison,1.0,all,1.0,True,True,0,0,0,t0_s0_h0
424,lw1,0.0,0.0,word,24.5,stimuli/audio/lw1_0.wav,48.006,0.120000000000001,2000-01-01 00:00:00+00:00,,3.0,sentence,22.0,145.0,Allison,1.0,the,1.0,True,True,0,0,0,t0_s0_h0
428,,,,no_sound,,,48.126000000000005,0.00999999999999801,,,,,,,,,,,False,True,0,0,0,t0_s0_h0
429,lw1,0.0,0.0,word,24.63,stimuli/audio/lw1_0.wav,48.136,0.3300000000000018,2000-01-01 00:00:00+00:00,,3.0,sentence,23.0,145.0,Allison,1.0,hot,1.0,True,True,0,0,0,t0_s0_h0
433,lw1,0.0,0.0,word,24.96,stimuli/audio/lw1_0.wav,48.466,0.2899999999999991,2000-01-01 00:00:00+00:00,,3.0,sentence,24.0,145.0,Allison,1.0,news,1.0,True,True,0,0,0,t0_s0_h0
438,,,,no_sound,,,48.756,0.0,,,,,,,,,,,False,True,0,0,0,t0_s0_h0
444,,,,no_sound,,,49.476,1.5200000000000031,,,,,,,,,,,False,True,0,0,0,t0_s0_h0
445,lw1,0.0,0.0,word,27.49,stimuli/audio/lw1_0.wav,50.996,0.3300000000000018,2000-01-01 00:00:00+00:00,,4.0,sentence,2.0,145.0,Allison,1.0,face,1.0,True,True,0,0,0,t0_s0_h0
449,,,,no_sound,,,51.326,0.00999999999999801,,,,,,,,,,,False,True,0,0,0,t0_s0_h0
456,,,,no_sound,,,51.936,0.0,,,,,,,,,,,False,True,0,0,0,t0_s0_h0
466,,,,no_sound,,,52.696,0.240000000000002,,,,,,,,,,,False,True,0,0,0,t0_s0_h0
467,lw1,0.0,0.0,word,29.429999,stimuli/audio/lw1_0.wav,52.936,0.3500000000000014,2000-01-01 00:00:00+00:00,,4.0,sentence,5.0,145.0,Allison,1.0,joy,1.0,True,True,0,0,0,t0_s0_h0
478,lw1,0.0,0.0,word,30.37,stimuli/audio/lw1_0.wav,53.876,0.1600000000000001,2000-01-01 00:00:00+00:00,,4.0,sentence,7.0,145.0,Allison,1.0,in,1.0,True,True,0,0,0,t0_s0_h0
482,,,,no_sound,,,54.035999999999994,0.5200000000000031,,,,,,,,,,,False,True,0,0,0,t0_s0_h0
486,,,,no_sound,,,54.696,0.0,,,,,,,,,,,False,True,0,0,0,t0_s0_h0
494,,,,no_sound,,,55.15599999999999,0.010000000000005116,,,,,,,,,,,False,True,0,0,0,t0_s0_h0
495,lw1,0.0,0.0,word,31.66,stimuli/audio/lw1_0.wav,55.166,0.379999999999999,2000-01-01 00:00:00+00:00,,4.0,sentence,10.0,145.0,Allison,1.0,stern,1.0,True,True,0,0,0,t0_s0_h0
500,,,,no_sound,,,55.54599999999999,7.105427357601002e-15,,,,,,,,,,,False,True,0,0,0,t0_s0_h0
514,,,,no_sound,,,56.796,1.1600000000000037,,,,,,,,,,,False,True,0,0,0,t0_s0_h0
515,lw1,0.0,0.0,word,34.449999,stimuli/audio/lw1_0.wav,57.956,0.3500000000000014,2000-01-01 00:00:00+00:00,,5.0,sentence,1.0,145.0,Allison,1.0,says,1.0,True,True,0,0,0,t0_s0_h0
519,lw1,0.0,0.0,word,34.799999,stimuli/audio/lw1_0.wav,58.306,0.1199999999999974,2000-01-01 00:00:00+00:00,,5.0,sentence,2.0,145.0,Allison,1.0,the,1.0,True,True,0,0,0,t0_s0_h0
523,,,,no_sound,,,58.425999999999995,3.8200000000000074,,,,,,,,,,,False,True,0,0,0,t0_s0_h0
531,,,,no_sound,,,62.686,0.060000000000002274,,,,,,,,,,,False,True,0,0,0,t0_s0_h0
532,lw1,0.0,0.0,word,39.24,stimuli/audio/lw1_0.wav,62.746,0.4399999999999977,2000-01-01 00:00:00+00:00,,6.0,word_list,4.0,145.0,Allison,1.0,tiny,1.0,True,True,0,0,0,t0_s0_h0
556,,,,no_sound,,,64.626,0.0,,,,,,,,,,,False,True,0,0,0,t0_s0_h0
565,,,,no_sound,,,65.056,0.010000000000005116,,,,,,,,,,,False,True,0,0,0,t0_s0_h0
566,lw1,0.0,0.0,word,41.56,stimuli/audio/lw1_0.wav,65.066,0.4099999999999966,2000-01-01 00:00:00+00:00,,6.0,word_list,9.0,145.0,Allison,1.0,blonde,1.0,True,True,0,0,0,t0_s0_h0
572,,,,no_sound,,,65.476,0.3299999999999983,,,,,,,,,,,False,True,0,0,0,t0_s0_h0
579,,,,no_sound,,,66.29599999999999,1.4210854715202004e-14,,,,,,,,,,,False,True,0,0,0,t0_s0_h0
585,,,,no_sound,,,66.61600000000001,0.009999999999990905,,,,,,,,,,,False,True,0,0,0,t0_s0_h0
589,,,,no_sound,,,66.82600000000001,1.5899999999999892,,,,,,,,,,,False,True,0,0,0,t0_s0_h0
590,lw1,0.0,0.0,word,44.91,stimuli/audio/lw1_0.wav,68.416,0.5500000000000043,2000-01-01 00:00:00+00:00,,7.0,sentence,0.0,145.0,Allison,1.0,Thriving,1.0,True,True,0,0,0,t0_s0_h0
602,,,,no_sound,,,69.14599999999999,0.010000000000019327,,,,,,,,,,,False,True,0,0,0,t0_s0_h0
607,,,,no_sound,,,69.566,0.7199999999999989,,,,,,,,,,,False,True,0,0,0,t0_s0_h0
613,,,,no_sound,,,70.73599999999999,1.4210854715202004e-14,,,,,,,,,,,False,True,0,0,0,t0_s0_h0
631,,,,no_sound,,,72.086,0.23000000000000398,,,,,,,,,,,False,True,0,0,0,t0_s0_h0
635,,,,no_sound,,,72.58600000000001,0.01999999999998181,,,,,,,,,,,False,True,0,0,0,t0_s0_h0
644,,,,no_sound,,,73.20599999999999,1.4210854715202004e-14,,,,,,,,,,,False,True,0,0,0,t0_s0_h0
659,,,,no_sound,,,74.256,1.7199999999999989,,,,,,,,,,,False,True,0,0,0,t0_s0_h0
667,,,,no_sound,,,76.646,0.23000000000000398,,,,,,,,,,,False,True,0,0,0,t0_s0_h0
668,lw1,0.0,0.0,word,53.369999,stimuli/audio/lw1_0.wav,76.876,0.2299999999999968,2000-01-01 00:00:00+00:00,,7.0,sentence,14.0,145.0,Allison,1.0,and,1.0,True,True,0,0,0,t0_s0_h0
672,,,,no_sound,,,77.106,0.07000000000000739,,,,,,,,,,,False,True,0,0,0,t0_s0_h0
680,lw1,0.0,0.0,word,54.190001,stimuli/audio/lw1_0.wav,77.696,0.9499999999999956,2000-01-01 00:00:00+00:00,,7.0,sentence,17.0,145.0,Allison,1.0,atmosphere,1.0,True,True,0,0,0,t0_s0_h0
690,,,,no_sound,,,78.64599999999999,0.5200000000000102,,,,,,,,,,,False,True,0,0,0,t0_s0_h0
691,lw1,0.0,0.0,word,55.660001,stimuli/audio/lw1_0.wav,79.166,0.0799999999999983,2000-01-01 00:00:00+00:00,,8.0,word_list,0.0,145.0,Allison,1.0,excellent,1.0,True,True,0,0,0,t0_s0_h0
700,lw1,0.0,0.0,word,55.740001,stimuli/audio/lw1_0.wav,79.246,0.0399999999999991,2000-01-01 00:00:00+00:00,,8.0,word_list,1.0,145.0,Allison,1.0,onto,1.0,True,True,0,0,0,t0_s0_h0
706,,,,no_sound,,,79.28599999999999,1.4210854715202004e-14,,,,,,,,,,,False,True,0,0,0,t0_s0_h0
707,lw1,0.0,0.0,word,55.780001,stimuli/audio/lw1_0.wav,79.286,0.0200000000000031,2000-01-01 00:00:00+00:00,,8.0,word_list,2.0,145.0,Allison,1.0,the,1.0,True,True,0,0,0,t0_s0_h0
710,,,,no_sound,,,79.306,2.200000000000003,,,,,,,,,,,False,True,0,0,0,t0_s0_h0
711,lw1,0.0,0.0,word,58.0,stimuli/audio/lw1_0.wav,81.506,0.3299999999999983,2000-01-01 00:00:00+00:00,,8.0,word_list,5.0,145.0,Allison,1.0,only,1.0,True,True,0,0,0,t0_s0_h0
716,,,,no_sound,,,81.836,0.5100000000000051,,,,,,,,,,,False,True,0,0,0,t0_s0_h0
717,lw1,0.0,0.0,word,58.84,stimuli/audio/lw1_0.wav,82.346,0.25,2000-01-01 00:00:00+00:00,,8.0,word_list,7.0,145.0,Allison,1.0,head,1.0,True,True,0,0,0,t0_s0_h0
721,lw1,0.0,0.0,word,59.09,stimuli/audio/lw1_0.wav,82.596,0.4099999999999966,2000-01-01 00:00:00+00:00,,8.0,word_list,8.0,145.0,Allison,1.0,planet,1.0,True,True,0,0,0,t0_s0_h0
729,,,,no_sound,,,83.006,0.04999999999999716,,,,,,,,,,,False,True,0,0,0,t0_s0_h0
730,lw1,0.0,0.0,word,59.55,stimuli/audio/lw1_0.wav,83.056,0.5,2000-01-01 00:00:00+00:00,,8.0,word_list,9.0,145.0,Allison,1.0,pointed,1.0,True,True,0,0,0,t0_s0_h0
737,,,,no_sound,,,83.556,0.07000000000000739,,,,,,,,,,,False,True,0,0,0,t0_s0_h0
738,lw1,0.0,0.0,word,60.12,stimuli/audio/lw1_0.wav,83.626,0.5900000000000034,2000-01-01 00:00:00+00:00,,8.0,word_list,11.0,145.0,Allison,1.0,blackness,1.0,True,True,0,0,0,t0_s0_h0
746,,,,no_sound,,,84.21600000000001,0.009999999999990905,,,,,,,,,,,False,True,0,0,0,t0_s0_h0
750,lw1,0.0,0.0,word,60.97,stimuli/audio/lw1_0.wav,84.476,0.2199999999999988,2000-01-01 00:00:00+00:00,,8.0,word_list,13.0,145.0,Allison,1.0,get,1.0,True,True,0,0,0,t0_s0_h0
755,,,,no_sound,,,84.696,0.030000000000001137,,,,,,,,,,,False,True,0,0,0,t0_s0_h0
778,,,,no_sound,,,86.426,5.5,,,,,,,,,,,False,True,0,0,0,t0_s0_h0
782,,,,no_sound,,,92.126,0.0,,,,,,,,,,,False,True,0,0,0,t0_s0_h0
796,lw1,0.0,0.0,word,69.42,stimuli/audio/lw1_0.wav,92.926,0.2300000000000039,2000-01-01 00:00:00+00:00,,10.0,sentence,4.0,145.0,Allison,1.0,come,1.0,True,True,0,0,0,t0_s0_h0
801,,,,no_sound,,,93.156,0.28999999999999204,,,,,,,,,,,False,True,0,0,0,t0_s0_h0
805,,,,no_sound,,,93.826,0.21000000000000796,,,,,,,,,,,False,True,0,0,0,t0_s0_h0
806,lw1,0.0,0.0,word,70.529999,stimuli/audio/lw1_0.wav,94.036,0.9299999999999926,2000-01-01 00:00:00+00:00,,10.0,sentence,7.0,145.0,Allison,1.0,immediately,1.0,True,True,0,0,0,t0_s0_h0
816,,,,no_sound,,,94.966,0.21000000000000796,,,,,,,,,,,False,True,0,0,0,t0_s0_h0
823,lw1,0.0,0.0,word,72.15,stimuli/audio/lw1_0.wav,95.656,0.1199999999999903,2000-01-01 00:00:00+00:00,,10.0,sentence,9.0,145.0,Allison,1.0,the,1.0,True,True,0,0,0,t0_s0_h0
847,,,,no_sound,,,96.936,0.0,,,,,,,,,,,False,True,0,0,0,t0_s0_h0
852,,,,no_sound,,,97.346,0.8599999999999994,,,,,,,,,,,False,True,0,0,0,t0_s0_h0
860,,,,no_sound,,,98.826,0.46000000000000796,,,,,,,,,,,False,True,0,0,0,t0_s0_h0
870,,,,no_sound,,,99.696,0.1599999999999966,,,,,,,,,,,False,True,0,0,0,t0_s0_h0
871,lw1,0.0,0.0,word,76.35,stimuli/audio/lw1_0.wav,99.856,0.4500000000000028,2000-01-01 00:00:00+00:00,,11.0,sentence,5.0,145.0,Allison,1.0,nothing,1.0,True,True,0,0,0,t0_s0_h0
877,lw1,0.0,0.0,word,76.8,stimuli/audio/lw1_0.wav,100.306,0.2000000000000028,2000-01-01 00:00:00+00:00,,11.0,sentence,6.0,145.0,Allison,1.0,son,1.0,True,True,0,0,0,t0_s0_h0
886,,,,no_sound,,,100.676,0.04999999999999716,,,,,,,,,,,False,True,0,0,0,t0_s0_h0
892,,,,no_sound,,,101.046,0.11999999999999034,,,,,,,,,,,False,True,0,0,0,t0_s0_h0
902,,,,no_sound,,,101.576,1.1600000000000108,,,,,,,,,,,False,True,0,0,0,t0_s0_h0
903,lw1,0.0,0.0,word,79.23,stimuli/audio/lw1_0.wav,102.736,0.1299999999999954,2000-01-01 00:00:00+00:00,,11.0,sentence,15.0,145.0,Allison,1.0,the,1.0,True,True,0,0,0,t0_s0_h0
911,,,,no_sound,,,103.106,0.0,,,,,,,,,,,False,True,0,0,0,t0_s0_h0
916,,,,no_sound,,,103.286,0.7600000000000051,,,,,,,,,,,False,True,0,0,0,t0_s0_h0
917,lw1,0.0,0.0,word,80.54,stimuli/audio/lw1_0.wav,104.046,0.2099999999999937,2000-01-01 00:00:00+00:00,,11.0,sentence,19.0,145.0,Allison,1.0,here,1.0,True,True,0,0,0,t0_s0_h0
921,,,,no_sound,,,104.256,0.0,,,,,,,,,,,False,True,0,0,0,t0_s0_h0
925,,,,no_sound,,,104.696,0.21000000000000796,,,,,,,,,,,False,True,0,0,0,t0_s0_h0
926,lw1,0.0,0.0,word,81.4,stimuli/audio/lw1_0.wav,104.906,0.25,2000-01-01 00:00:00+00:00,,11.0,sentence,21.0,145.0,Allison,1.0,or,1.0,True,True,0,0,0,t0_s0_h0
929,,,,no_sound,,,105.156,0.29999999999999716,,,,,,,,,,,False,True,0,0,0,t0_s0_h0
944,,,,no_sound,,,106.486,0.009999999999990905,,,,,,,,,,,False,True,0,0,0,t0_s0_h0
945,lw1,0.0,0.0,word,82.99,stimuli/audio/lw1_0.wav,106.496,0.1800000000000068,2000-01-01 00:00:00+00:00,,11.0,sentence,27.0,145.0,Allison,1.0,him,1.0,True,True,0,0,0,t0_s0_h0
949,lw1,0.0,0.0,word,83.17,stimuli/audio/lw1_0.wav,106.676,0.269999999999996,2000-01-01 00:00:00+00:00,,11.0,sentence,28.0,145.0,Allison,1.0,when,1.0,True,True,0,0,0,t0_s0_h0
954,lw1,0.0,0.0,word,83.44,stimuli/audio/lw1_0.wav,106.946,0.1599999999999966,2000-01-01 00:00:00+00:00,,11.0,sentence,29.0,145.0,Allison,1.0,we,1.0,True,True,0,0,0,t0_s0_h0
958,lw1,0.0,0.0,word,83.599999,stimuli/audio/lw1_0.wav,107.106,0.2600000000000051,2000-01-01 00:00:00+00:00,,11.0,sentence,30.0,145.0,Allison,1.0,come,1.0,True,True,0,0,0,t0_s0_h0
963,,,,no_sound,,,107.366,1.0100000000000051,,,,,,,,,,,False,True,0,0,0,t0_s0_h0
969,,,,no_sound,,,108.866,1.0100000000000051,,,,,,,,,,,False,True,0,0,0,t0_s0_h0
977,lw1,0.0,0.0,word,86.79,stimuli/audio/lw1_0.wav,110.296,0.2099999999999937,2000-01-01 00:00:00+00:00,,12.0,sentence,2.0,145.0,Allison,1.0,the,1.0,True,True,0,0,0,t0_s0_h0
981,,,,no_sound,,,110.506,3.3299999999999983,,,,,,,,,,,False,True,0,0,0,t0_s0_h0
985,lw1,0.0,0.0,word,90.55,stimuli/audio/lw1_0.wav,114.056,0.3700000000000045,2000-01-01 00:00:00+00:00,,13.0,sentence,2.0,145.0,Allison,1.0,doubt,1.0,True,True,0,0,0,t0_s0_h0
990,,,,no_sound,,,114.426,0.01999999999999602,,,,,,,,,,,False,True,0,0,0,t0_s0_h0
991,lw1,0.0,0.0,word,90.94,stimuli/audio/lw1_0.wav,114.446,0.1899999999999977,2000-01-01 00:00:00+00:00,,13.0,sentence,3.0,145.0,Allison,1.0,with,1.0,True,True,0,0,0,t0_s0_h0
995,,,,no_sound,,,114.636,0.010000000000005116,,,,,,,,,,,False,True,0,0,0,t0_s0_h0
996,lw1,0.0,0.0,word,91.139999,stimuli/audio/lw1_0.wav,114.646,0.4500000000000028,2000-01-01 00:00:00+00:00,,13.0,sentence,4.0,145.0,Allison,1.0,orders,1.0,True,True,0,0,0,t0_s0_h0
1002,,,,no_sound,,,115.096,0.0,,,,,,,,,,,False,True,0,0,0,t0_s0_h0
1008,lw1,0.0,0.0,word,91.83,stimuli/audio/lw1_0.wav,115.336,0.6299999999999955,2000-01-01 00:00:00+00:00,,13.0,sentence,6.0,145.0,Allison,1.0,Mason,1.0,True,True,0,0,0,t0_s0_h0
1015,,,,no_sound,,,115.966,0.22000000000001307,,,,,,,,,,,False,True,0,0,0,t0_s0_h0
1016,lw1,0.0,0.0,word,92.68,stimuli/audio/lw1_0.wav,116.186,0.269999999999996,2000-01-01 00:00:00+00:00,,13.0,sentence,7.0,145.0,Allison,1.0,was,1.0,True,True,0,0,0,t0_s0_h0
1031,,,,no_sound,,,117.116,0.010000000000005116,,,,,,,,,,,False,True,0,0,0,t0_s0_h0
1053,,,,no_sound,,,118.756,8.869,,,,,,,,,,,False,True,0,0,0,t0_s0_h0
1059,lw1,0.0,1.0,word,0.65,stimuli/audio/lw1_1.wav,127.835,0.0899999999999999,2000-01-01 00:00:00+00:00,,14.0,sentence,3.0,145.0,Allison,1.0,I,1.0,True,True,0,0,0,t0_s0_h0
1062,,,,no_sound,,,127.925,0.010000000000005116,,,,,,,,,,,False,True,0,0,0,t0_s0_h0
1063,lw1,0.0,1.0,word,0.75,stimuli/audio/lw1_1.wav,127.935,0.27,2000-01-01 00:00:00+00:00,,14.0,sentence,4.0,145.0,Allison,1.0,get,1.0,True,True,0,0,0,t0_s0_h0
1074,,,,no_sound,,,128.35500000000002,-2.842170943040401e-14,,,,,,,,,,,False,True,0,0,0,t0_s0_h0
1077,,,,no_sound,,,128.635,0.010000000000019327,,,,,,,,,,,False,True,0,0,0,t0_s0_h0
1086,,,,no_sound,,,129.10500000000002,-2.842170943040401e-14,,,,,,,,,,,False,True,0,0,0,t0_s0_h0
1095,,,,no_sound,,,130.17499999999998,1.240000000000009,,,,,,,,,,,False,True,0,0,0,t0_s0_h0
1096,lw1,0.0,1.0,word,4.23,stimuli/audio/lw1_1.wav,131.415,0.2899999999999991,2000-01-01 00:00:00+00:00,,15.0,sentence,0.0,145.0,Allison,1.0,She,1.0,True,True,0,0,0,t0_s0_h0
1099,,,,no_sound,,,131.70499999999998,2.842170943040401e-14,,,,,,,,,,,False,True,0,0,0,t0_s0_h0
1111,,,,no_sound,,,132.315,0.0,,,,,,,,,,,False,True,0,0,0,t0_s0_h0
1115,,,,no_sound,,,132.475,0.0,,,,,,,,,,,False,True,0,0,0,t0_s0_h0
1120,,,,no_sound,,,133.095,0.19999999999998863,,,,,,,,,,,False,True,0,0,0,t0_s0_h0
1121,lw1,0.0,1.0,word,6.11,stimuli/audio/lw1_1.wav,133.295,0.6599999999999993,2000-01-01 00:00:00+00:00,,15.0,sentence,5.0,145.0,Allison,1.0,regarding,1.0,True,True,0,0,0,t0_s0_h0
1130,,,,no_sound,,,133.95499999999998,2.842170943040401e-14,,,,,,,,,,,False,True,0,0,0,t0_s0_h0
1134,,,,no_sound,,,134.155,0.009999999999990905,,,,,,,,,,,False,True,0,0,0,t0_s0_h0
1138,,,,no_sound,,,134.475,0.0,,,,,,,,,,,False,True,0,0,0,t0_s0_h0
1149,,,,no_sound,,,135.14499999999998,2.842170943040401e-14,,,,,,,,,,,False,True,0,0,0,t0_s0_h0
1150,lw1,0.0,1.0,word,7.96,stimuli/audio/lw1_1.wav,135.145,0.1000000000000005,2000-01-01 00:00:00+00:00,,15.0,sentence,9.0,145.0,Allison,1.0,in,1.0,True,True,0,0,0,t0_s0_h0
1153,,,,no_sound,,,135.245,0.0,,,,,,,,,,,False,True,0,0,0,t0_s0_h0
1157,lw1,0.0,1.0,word,8.17,stimuli/audio/lw1_1.wav,135.355,0.3599999999999994,2000-01-01 00:00:00+00:00,,15.0,sentence,11.0,145.0,Allison,1.0,long,1.0,True,True,0,0,0,t0_s0_h0
1162,,,,no_sound,,,135.71499999999997,2.842170943040401e-14,,,,,,,,,,,False,True,0,0,0,t0_s0_h0
1169,,,,no_sound,,,136.32500000000002,0.3599999999999852,,,,,,,,,,,False,True,0,0,0,t0_s0_h0
1179,,,,no_sound,,,137.51500000000001,0.23999999999998067,,,,,,,,,,,False,True,0,0,0,t0_s0_h0
1185,,,,no_sound,,,138.20499999999998,0.010000000000019327,,,,,,,,,,,False,True,0,0,0,t0_s0_h0
1186,lw1,0.0,1.0,word,11.03,stimuli/audio/lw1_1.wav,138.215,0.4400000000000013,2000-01-01 00:00:00+00:00,,16.0,sentence,2.0,145.0,Allison,1.0,curly,1.0,True,True,0,0,0,t0_s0_h0
1196,,,,no_sound,,,139.115,0.23999999999998067,,,,,,,,,,,False,True,0,0,0,t0_s0_h0
1201,,,,no_sound,,,139.595,0.0,,,,,,,,,,,False,True,0,0,0,t0_s0_h0
1207,,,,no_sound,,,139.905,0.0,,,,,,,,,,,False,True,0,0,0,t0_s0_h0
1215,,,,no_sound,,,140.11499999999998,2.842170943040401e-14,,,,,,,,,,,False,True,0,0,0,t0_s0_h0
1216,lw1,0.0,1.0,word,12.929999,stimuli/audio/lw1_1.wav,140.115,0.5299999999999994,2000-01-01 00:00:00+00:00,,16.0,sentence,8.0,145.0,Allison,1.0,typical,1.0,True,True,0,0,0,t0_s0_h0
1224,,,,no_sound,,,140.645,0.0,,,,,,,,,,,False,True,0,0,0,t0_s0_h0
1234,,,,no_sound,,,141.345,0.0,,,,,,,,,,,False,True,0,0,0,t0_s0_h0
1240,,,,no_sound,,,141.765,0.010000000000019327,,,,,,,,,,,False,True,0,0,0,t0_s0_h0
1247,lw1,0.0,1.0,word,14.95,stimuli/audio/lw1_1.wav,142.135,0.0899999999999998,2000-01-01 00:00:00+00:00,,16.0,sentence,12.0,145.0,Allison,1.0,a,1.0,True,True,0,0,0,t0_s0_h0
1250,,,,no_sound,,,142.225,1.0699999999999932,,,,,,,,,,,False,True,0,0,0,t0_s0_h0
1256,,,,no_sound,,,144.005,0.2300000000000182,,,,,,,,,,,False,True,0,0,0,t0_s0_h0
1268,,,,no_sound,,,145.28500000000003,0.6599999999999682,,,,,,,,,,,False,True,0,0,0,t0_s0_h0
1269,lw1,0.0,1.0,word,18.76,stimuli/audio/lw1_1.wav,145.945,0.1899999999999977,2000-01-01 00:00:00+00:00,,17.0,sentence,0.0,145.0,Allison,1.0,It,1.0,True,True,0,0,0,t0_s0_h0
1272,,,,no_sound,,,146.135,0.0,,,,,,,,,,,False,True,0,0,0,t0_s0_h0
1277,,,,no_sound,,,146.36499999999998,2.842170943040401e-14,,,,,,,,,,,False,True,0,0,0,t0_s0_h0
1286,,,,no_sound,,,146.755,0.11000000000001364,,,,,,,,,,,False,True,0,0,0,t0_s0_h0
1287,lw1,0.0,1.0,word,19.68,stimuli/audio/lw1_1.wav,146.865,0.6600000000000001,2000-01-01 00:00:00+00:00,,17.0,sentence,4.0,145.0,Allison,1.0,attractive,1.0,True,True,0,0,0,t0_s0_h0
1296,,,,no_sound,,,147.525,0.009999999999990905,,,,,,,,,,,False,True,0,0,0,t0_s0_h0
1297,lw1,0.0,1.0,word,20.35,stimuli/audio/lw1_1.wav,147.535,0.3499999999999978,2000-01-01 00:00:00+00:00,,17.0,sentence,5.0,145.0,Allison,1.0,face,1.0,True,True,0,0,0,t0_s0_h0
1301,,,,no_sound,,,147.885,0.010000000000019327,,,,,,,,,,,False,True,0,0,0,t0_s0_h0
1306,,,,no_sound,,,148.185,0.020000000000010232,,,,,,,,,,,False,True,0,0,0,t0_s0_h0
1307,lw1,0.0,1.0,word,21.02,stimuli/audio/lw1_1.wav,148.205,0.4400000000000013,2000-01-01 00:00:00+00:00,,17.0,sentence,7.0,145.0,Allison,1.0,now,1.0,True,True,0,0,0,t0_s0_h0
1310,,,,no_sound,,,148.645,0.23999999999998067,,,,,,,,,,,False,True,0,0,0,t0_s0_h0
1311,lw1,0.0,1.0,word,21.7,stimuli/audio/lw1_1.wav,148.885,0.240000000000002,2000-01-01 00:00:00+00:00,,17.0,sentence,8.0,145.0,Allison,1.0,her,1.0,True,True,0,0,0,t0_s0_h0
1325,,,,no_sound,,,149.695,0.8100000000000023,,,,,,,,,,,False,True,0,0,0,t0_s0_h0
1326,lw1,0.0,1.0,word,23.32,stimuli/audio/lw1_1.wav,150.505,0.259999999999998,2000-01-01 00:00:00+00:00,,17.0,sentence,12.0,145.0,Allison,1.0,by,1.0,True,True,0,0,0,t0_s0_h0
1329,,,,no_sound,,,150.765,0.0,,,,,,,,,,,False,True,0,0,0,t0_s0_h0
1334,lw1,0.0,1.0,word,24.01,stimuli/audio/lw1_1.wav,151.195,0.1899999999999977,2000-01-01 00:00:00+00:00,,17.0,sentence,14.0,145.0,Allison,1.0,on,1.0,True,True,0,0,0,t0_s0_h0
1338,,,,no_sound,,,151.385,0.0,,,,,,,,,,,False,True,0,0,0,t0_s0_h0
1342,,,,no_sound,,,151.505,0.0,,,,,,,,,,,False,True,0,0,0,t0_s0_h0
1347,,,,no_sound,,,152.14499999999998,0.2600000000000193,,,,,,,,,,,False,True,0,0,0,t0_s0_h0
1348,lw1,0.0,1.0,word,25.22,stimuli/audio/lw1_1.wav,152.405,0.2699999999999996,2000-01-01 00:00:00+00:00,,17.0,sentence,17.0,145.0,Allison,1.0,full,1.0,True,True,0,0,0,t0_s0_h0
1352,,,,no_sound,,,152.675,0.0,,,,,,,,,,,False,True,0,0,0,t0_s0_h0
1358,,,,no_sound,,,153.125,0.28000000000000114,,,,,,,,,,,False,True,0,0,0,t0_s0_h0
1359,lw1,0.0,1.0,word,26.22,stimuli/audio/lw1_1.wav,153.405,0.240000000000002,2000-01-01 00:00:00+00:00,,17.0,sentence,20.0,145.0,Allison,1.0,with,1.0,True,True,0,0,0,t0_s0_h0
1375,,,,no_sound,,,154.755,0.3199999999999932,,,,,,,,,,,False,True,0,0,0,t0_s0_h0
1379,,,,no_sound,,,155.36499999999998,2.842170943040401e-14,,,,,,,,,,,False,True,0,0,0,t0_s0_h0
1384,,,,no_sound,,,155.595,0.009999999999990905,,,,,,,,,,,False,True,0,0,0,t0_s0_h0
1385,lw1,0.0,1.0,word,28.42,stimuli/audio/lw1_1.wav,155.605,0.139999999999997,2000-01-01 00:00:00+00:00,,18.0,sentence,2.0,145.0,Allison,1.0,the,1.0,True,True,0,0,0,t0_s0_h0
1388,,,,no_sound,,,155.74499999999998,2.842170943040401e-14,,,,,,,,,,,False,True,0,0,0,t0_s0_h0
1393,,,,no_sound,,,156.005,0.009999999999990905,,,,,,,,,,,False,True,0,0,0,t0_s0_h0
1397,,,,no_sound,,,156.165,0.010000000000019327,,,,,,,,,,,False,True,0,0,0,t0_s0_h0
1409,,,,no_sound,,,156.96499999999997,2.842170943040401e-14,,,,,,,,,,,False,True,0,0,0,t0_s0_h0
1418,,,,no_sound,,,157.415,0.0,,,,,,,,,,,False,True,0,0,0,t0_s0_h0
1423,lw1,0.0,1.0,word,30.5,stimuli/audio/lw1_1.wav,157.685,0.5199999999999996,2000-01-01 00:00:00+00:00,,18.0,sentence,10.0,145.0,Allison,1.0,known,1.0,True,True,0,0,0,t0_s0_h0
1428,,,,no_sound,,,158.205,0.589999999999975,,,,,,,,,,,False,True,0,0,0,t0_s0_h0
1429,lw1,0.0,1.0,word,31.61,stimuli/audio/lw1_1.wav,158.795,0.2100000000000008,2000-01-01 00:00:00+00:00,,19.0,sentence,0.0,145.0,Allison,1.0,At,1.0,True,True,0,0,0,t0_s0_h0
1432,,,,no_sound,,,159.005,0.0,,,,,,,,,,,False,True,0,0,0,t0_s0_h0
1438,,,,no_sound,,,159.345,0.0,,,,,,,,,,,False,True,0,0,0,t0_s0_h0
1443,,,,no_sound,,,159.545,0.05000000000001137,,,,,,,,,,,False,True,0,0,0,t0_s0_h0
1447,,,,no_sound,,,160.025,0.23999999999998067,,,,,,,,,,,False,True,0,0,0,t0_s0_h0
1451,,,,no_sound,,,160.52499999999998,2.842170943040401e-14,,,,,,,,,,,False,True,0,0,0,t0_s0_h0
1457,lw1,0.0,1.0,word,33.67,stimuli/audio/lw1_1.wav,160.855,0.0899999999999963,2000-01-01 00:00:00+00:00,,19.0,sentence,6.0,145.0,Allison,1.0,a,1.0,True,True,0,0,0,t0_s0_h0
1465,,,,no_sound,,,161.265,0.010000000000019327,,,,,,,,,,,False,True,0,0,0,t0_s0_h0
1470,,,,no_sound,,,161.595,0.0,,,,,,,,,,,False,True,0,0,0,t0_s0_h0
1476,lw1,0.0,1.0,word,34.85,stimuli/audio/lw1_1.wav,162.035,0.2299999999999968,2000-01-01 00:00:00+00:00,,19.0,sentence,10.0,145.0,Allison,1.0,than,1.0,True,True,0,0,0,t0_s0_h0
1481,,,,no_sound,,,162.265,0.0,,,,,,,,,,,False,True,0,0,0,t0_s0_h0
1491,,,,no_sound,,,162.825,0.46999999999999886,,,,,,,,,,,False,True,0,0,0,t0_s0_h0
1497,,,,no_sound,,,163.77499999999998,0.010000000000019327,,,,,,,,,,,False,True,0,0,0,t0_s0_h0
1504,,,,no_sound,,,164.475,0.4399999999999977,,,,,,,,,,,False,True,0,0,0,t0_s0_h0
1505,lw1,0.0,1.0,word,37.73,stimuli/audio/lw1_1.wav,164.915,0.2700000000000031,2000-01-01 00:00:00+00:00,,20.0,word_list,0.0,145.0,Allison,1.0,than,1.0,True,True,0,0,0,t0_s0_h0
1517,lw1,0.0,1.0,word,38.56,stimuli/audio/lw1_1.wav,165.745,0.4199999999999946,2000-01-01 00:00:00+00:00,,20.0,word_list,2.0,145.0,Allison,1.0,craft,1.0,True,True,0,0,0,t0_s0_h0
1524,,,,no_sound,,,166.165,0.010000000000019327,,,,,,,,,,,False,True,0,0,0,t0_s0_h0
1525,lw1,0.0,1.0,word,38.99,stimuli/audio/lw1_1.wav,166.175,0.25,2000-01-01 00:00:00+00:00,,20.0,word_list,3.0,145.0,Allison,1.0,blew,1.0,True,True,0,0,0,t0_s0_h0
1529,lw1,0.0,1.0,word,39.24,stimuli/audio/lw1_1.wav,166.425,0.519999999999996,2000-01-01 00:00:00+00:00,,20.0,word_list,4.0,145.0,Allison,1.0,prepare,1.0,True,True,0,0,0,t0_s0_h0
1537,,,,no_sound,,,166.945,0.030000000000001137,,,,,,,,,,,False,True,0,0,0,t0_s0_h0
1543,,,,no_sound,,,167.355,0.0,,,,,,,,,,,False,True,0,0,0,t0_s0_h0
1553,,,,no_sound,,,168.005,0.03999999999999204,,,,,,,,,,,False,True,0,0,0,t0_s0_h0
1554,lw1,0.0,1.0,word,40.86,stimuli/audio/lw1_1.wav,168.045,0.4399999999999977,2000-01-01 00:00:00+00:00,,20.0,word_list,7.0,145.0,Allison,1.0,crew,1.0,True,True,0,0,0,t0_s0_h0
1558,,,,no_sound,,,168.48499999999999,0.8300000000000125,,,,,,,,,,,False,True,0,0,0,t0_s0_h0
1559,lw1,0.0,1.0,word,42.13,stimuli/audio/lw1_1.wav,169.315,0.1400000000000005,2000-01-01 00:00:00+00:00,,21.0,sentence,0.0,145.0,Allison,1.0,Her,1.0,True,True,0,0,0,t0_s0_h0
1562,,,,no_sound,,,169.45499999999998,0.7500000000000284,,,,,,,,,,,False,True,0,0,0,t0_s0_h0
1563,lw1,0.0,1.0,word,43.02,stimuli/audio/lw1_1.wav,170.205,0.6099999999999994,2000-01-01 00:00:00+00:00,,21.0,sentence,2.0,145.0,Allison,1.0,expression,1.0,True,True,0,0,0,t0_s0_h0
1573,,,,no_sound,,,170.815,0.0,,,,,,,,,,,False,True,0,0,0,t0_s0_h0
1604,,,,no_sound,,,172.885,0.4200000000000159,,,,,,,,,,,False,True,0,0,0,t0_s0_h0
1605,lw1,0.0,1.0,word,46.12,stimuli/audio/lw1_1.wav,173.305,0.2300000000000039,2000-01-01 00:00:00+00:00,,22.0,sentence,0.0,145.0,Allison,1.0,She,1.0,True,True,0,0,0,t0_s0_h0
1608,,,,no_sound,,,173.535,0.0,,,,,,,,,,,False,True,0,0,0,t0_s0_h0
1632,lw1,0.0,1.0,word,47.92,stimuli/audio/lw1_1.wav,175.105,0.25,2000-01-01 00:00:00+00:00,,22.0,sentence,4.0,145.0,Allison,1.0,off,1.0,True,True,0,0,0,t0_s0_h0
1636,,,,no_sound,,,175.355,0.020000000000010232,,,,,,,,,,,False,True,0,0,0,t0_s0_h0
1647,,,,no_sound,,,176.015,0.010000000000019327,,,,,,,,,,,False,True,0,0,0,t0_s0_h0
1661,,,,no_sound,,,177.09499999999997,0.21000000000003638,,,,,,,,,,,False,True,0,0,0,t0_s0_h0
1666,,,,no_sound,,,177.505,0.0,,,,,,,,,,,False,True,0,0,0,t0_s0_h0
1675,,,,no_sound,,,178.125,1.1100000000000136,,,,,,,,,,,False,True,0,0,0,t0_s0_h0
1676,lw1,0.0,1.0,word,52.049999,stimuli/audio/lw1_1.wav,179.235,0.2199999999999988,2000-01-01 00:00:00+00:00,,23.0,sentence,0.0,145.0,Allison,1.0,You,1.0,True,True,0,0,0,t0_s0_h0
1679,lw1,0.0,1.0,word,52.27,stimuli/audio/lw1_1.wav,179.455,0.2199999999999988,2000-01-01 00:00:00+00:00,,23.0,sentence,1.0,145.0,Allison,1.0,look,1.0,True,True,0,0,0,t0_s0_h0
1684,lw1,0.0,1.0,word,52.49,stimuli/audio/lw1_1.wav,179.675,0.259999999999998,2000-01-01 00:00:00+00:00,,23.0,sentence,2.0,145.0,Allison,1.0,like,1.0,True,True,0,0,0,t0_s0_h0
1689,,,,no_sound,,,179.935,0.0,,,,,,,,,,,False,True,0,0,0,t0_s0_h0
1694,,,,no_sound,,,180.375,0.28999999999999204,,,,,,,,,,,False,True,0,0,0,t0_s0_h0
1695,lw1,0.0,1.0,word,53.48,stimuli/audio/lw1_1.wav,180.665,0.0300000000000011,2000-01-01 00:00:00+00:00,,23.0,sentence,4.0,145.0,Allison,1.0,Tar,1.0,True,True,0,0,0,t0_s0_h0
1699,,,,no_sound,,,180.695,1.9300000000000068,,,,,,,,,,,False,True,0,0,0,t0_s0_h0
1704,,,,no_sound,,,182.915,0.0,,,,,,,,,,,False,True,0,0,0,t0_s0_h0
1709,,,,no_sound,,,183.435,1.210000000000008,,,,,,,,,,,False,True,0,0,0,t0_s0_h0
1710,lw1,0.0,1.0,word,57.46,stimuli/audio/lw1_1.wav,184.645,0.25,2000-01-01 00:00:00+00:00,,25.0,sentence,2.0,145.0,Allison,1.0,let,1.0,True,True,0,0,0,t0_s0_h0
1721,,,,no_sound,,,185.335,0.01999999999998181,,,,,,,,,,,False,True,0,0,0,t0_s0_h0
1726,,,,no_sound,,,185.61499999999998,2.842170943040401e-14,,,,,,,,,,,False,True,0,0,0,t0_s0_h0
1727,lw1,0.0,1.0,word,58.43,stimuli/audio/lw1_1.wav,185.615,0.1300000000000025,2000-01-01 00:00:00+00:00,,25.0,sentence,5.0,145.0,Allison,1.0,to,1.0,True,True,0,0,0,t0_s0_h0
1730,,,,no_sound,,,185.745,0.0,,,,,,,,,,,False,True,0,0,0,t0_s0_h0
1734,,,,no_sound,,,186.125,0.9900000000000091,,,,,,,,,,,False,True,0,0,0,t0_s0_h0
1738,lw1,0.0,1.0,word,60.13,stimuli/audio/lw1_1.wav,187.315,0.3499999999999943,2000-01-01 00:00:00+00:00,,26.0,sentence,1.0,145.0,Allison,1.0,used,1.0,True,True,0,0,0,t0_s0_h0
1744,,,,no_sound,,,187.665,0.010000000000019327,,,,,,,,,,,False,True,0,0,0,t0_s0_h0
1759,,,,no_sound,,,188.505,0.0,,,,,,,,,,,False,True,0,0,0,t0_s0_h0
1763,,,,no_sound,,,188.675,0.0,,,,,,,,,,,False,True,0,0,0,t0_s0_h0
1767,,,,no_sound,,,188.775,0.0,,,,,,,,,,,False,True,0,0,0,t0_s0_h0
1774,,,,no_sound,,,189.195,0.0,,,,,,,,,,,False,True,0,0,0,t0_s0_h0
1781,,,,no_sound,,,189.445,5.450000000000017,,,,,,,,,,,False,True,0,0,0,t0_s0_h0
1785,,,,no_sound,,,195.04500000000002,3.109999999999985,,,,,,,,,,,False,True,0,0,0,t0_s0_h0
1786,lw1,0.0,1.0,word,70.969999,stimuli/audio/lw1_1.wav,198.155,0.1500000000000056,2000-01-01 00:00:00+00:00,,27.0,sentence,5.0,145.0,Allison,1.0,to,1.0,True,True,0,0,0,t0_s0_h0
1789,lw1,0.0,1.0,word,71.119999,stimuli/audio/lw1_1.wav,198.305,0.4399999999999977,2000-01-01 00:00:00+00:00,,27.0,sentence,16.0,145.0,Allison,1.0,defy,1.0,True,True,0,0,0,t0_s0_h0
1804,,,,no_sound,,,199.325,0.0,,,,,,,,,,,False,True,0,0,0,t0_s0_h0
1808,,,,no_sound,,,199.59499999999997,0.03000000000002956,,,,,,,,,,,False,True,0,0,0,t0_s0_h0
1809,lw1,0.0,1.0,word,72.440001,stimuli/audio/lw1_1.wav,199.625,0.5900000000000034,2000-01-01 00:00:00+00:00,,27.0,sentence,19.0,145.0,Allison,1.0,Command,1.0,True,True,0,0,0,t0_s0_h0
1816,,,,no_sound,,,200.215,0.009999999999990905,,,,,,,,,,,False,True,0,0,0,t0_s0_h0
1821,,,,no_sound,,,200.485,0.0,,,,,,,,,,,False,True,0,0,0,t0_s0_h0
1827,,,,no_sound,,,200.935,0.03999999999999204,,,,,,,,,,,False,True,0,0,0,t0_s0_h0
1831,,,,no_sound,,,201.255,0.009999999999990905,,,,,,,,,,,False,True,0,0,0,t0_s0_h0
1836,,,,no_sound,,,201.72499999999997,2.842170943040401e-14,,,,,,,,,,,False,True,0,0,0,t0_s0_h0
1842,lw1,0.0,1.0,word,74.839999,stimuli/audio/lw1_1.wav,202.025,0.1799999999999926,2000-01-01 00:00:00+00:00,,27.0,sentence,25.0,145.0,Allison,1.0,Earth,1.0,True,True,0,0,0,t0_s0_h0
1846,,,,no_sound,,,202.20499999999998,7.853000000000009,,,,,,,,,,,False,True,0,0,0,t0_s0_h0
1848,lw1,0.0,2.0,word,0.01,stimuli/audio/lw1_2.wav,210.058,0.19,2000-01-01 00:00:00+00:00,,28.0,sentence,0.0,145.0,Allison,1.0,She,1.0,True,True,0,0,0,t0_s0_h0
1851,,,,no_sound,,,210.248,0.0,,,,,,,,,,,False,True,0,0,0,t0_s0_h0
1857,,,,no_sound,,,210.768,0.020000000000010232,,,,,,,,,,,False,True,0,0,0,t0_s0_h0
1861,,,,no_sound,,,210.928,0.0,,,,,,,,,,,False,True,0,0,0,t0_s0_h0
1865,,,,no_sound,,,211.168,0.0,,,,,,,,,,,False,True,0,0,0,t0_s0_h0
1870,,,,no_sound,,,211.508,0.009999999999990905,,,,,,,,,,,False,True,0,0,0,t0_s0_h0
1871,lw1,0.0,2.0,word,1.47,stimuli/audio/lw1_2.wav,211.518,0.1699999999999999,2000-01-01 00:00:00+00:00,,28.0,sentence,5.0,145.0,Allison,1.0,her,1.0,True,True,0,0,0,t0_s0_h0
1879,,,,no_sound,,,212.058,0.2400000000000091,,,,,,,,,,,False,True,0,0,0,t0_s0_h0
1887,lw1,0.0,2.0,word,2.72,stimuli/audio/lw1_2.wav,212.768,0.1699999999999999,2000-01-01 00:00:00+00:00,,28.0,sentence,8.0,145.0,Allison,1.0,of,1.0,True,True,1,0,0,t0_s0_h1
1891,,,,no_sound,,,212.938,0.0,,,,,,,,,,,False,True,1,0,0,t0_s0_h1
1901,lw1,0.0,2.0,word,3.33,stimuli/audio/lw1_2.wav,213.378,0.1400000000000001,2000-01-01 00:00:00+00:00,,28.0,sentence,11.0,145.0,Allison,1.0,of,1.0,True,True,1,0,0,t0_s0_h1
1905,,,,no_sound,,,213.51799999999997,2.842170943040401e-14,,,,,,,,,,,False,True,1,0,0,t0_s0_h1
1906,lw1,0.0,2.0,word,3.47,stimuli/audio/lw1_2.wav,213.518,0.0799999999999996,2000-01-01 00:00:00+00:00,,28.0,sentence,12.0,145.0,Allison,1.0,the,1.0,True,True,1,0,0,t0_s0_h1
1909,,,,no_sound,,,213.598,0.0,,,,,,,,,,,False,True,1,0,0,t0_s0_h1
1915,,,,no_sound,,,214.05800000000002,0.21999999999997044,,,,,,,,,,,False,True,1,0,0,t0_s0_h1
1916,lw1,0.0,2.0,word,4.23,stimuli/audio/lw1_2.wav,214.278,0.5499999999999998,2000-01-01 00:00:00+00:00,,28.0,sentence,14.0,145.0,Allison,1.0,shaking,1.0,True,True,1,0,0,t0_s0_h1
1922,,,,no_sound,,,214.828,0.009999999999990905,,,,,,,,,,,False,True,1,0,0,t0_s0_h1
1929,,,,no_sound,,,215.158,0.0,,,,,,,,,,,False,True,1,0,0,t0_s0_h1
1935,,,,no_sound,,,215.51799999999997,2.842170943040401e-14,,,,,,,,,,,False,True,1,0,0,t0_s0_h1
1939,lw1,0.0,2.0,word,5.59,stimuli/audio/lw1_2.wav,215.638,0.2599999999999998,2000-01-01 00:00:00+00:00,,28.0,sentence,18.0,145.0,Allison,1.0,she,1.0,True,True,1,0,0,t0_s0_h1
1943,,,,no_sound,,,215.898,0.5099999999999909,,,,,,,,,,,False,True,1,0,0,t0_s0_h1
1953,lw1,0.0,2.0,word,6.82,stimuli/audio/lw1_2.wav,216.868,0.1799999999999997,2000-01-01 00:00:00+00:00,,28.0,sentence,22.0,145.0,Allison,1.0,the,1.0,True,True,1,0,0,t0_s0_h1
1970,,,,no_sound,,,218.10799999999998,2.842170943040401e-14,,,,,,,,,,,False,True,1,0,0,t0_s0_h1
1971,lw1,0.0,2.0,word,8.059999,stimuli/audio/lw1_2.wav,218.108,0.3800000000000008,2000-01-01 00:00:00+00:00,,28.0,sentence,25.0,145.0,Allison,1.0,relay,1.0,True,True,1,0,0,t0_s0_h1
1976,lw1,0.0,2.0,word,8.44,stimuli/audio/lw1_2.wav,218.488,0.1600000000000001,2000-01-01 00:00:00+00:00,,28.0,sentence,26.0,145.0,Allison,1.0,on,1.0,True,True,1,0,0,t0_s0_h1
1980,,,,no_sound,,,218.648,0.5,,,,,,,,,,,False,True,1,0,0,t0_s0_h1
1981,lw1,0.0,2.0,word,9.099999,stimuli/audio/lw1_2.wav,219.148,0.5,2000-01-01 00:00:00+00:00,,28.0,sentence,29.0,145.0,Allison,1.0,ship,1.0,True,True,1,0,0,t0_s0_h1
1985,,,,no_sound,,,219.648,0.46000000000000796,,,,,,,,,,,False,True,1,0,0,t0_s0_h1
1999,,,,no_sound,,,221.03799999999998,1.0700000000000216,,,,,,,,,,,False,True,1,0,0,t0_s0_h1
2018,,,,no_sound,,,223.368,0.0,,,,,,,,,,,False,True,1,0,0,t0_s0_h1
2028,,,,no_sound,,,224.03799999999998,2.842170943040401e-14,,,,,,,,,,,False,True,1,0,0,t0_s0_h1
2029,lw1,0.0,2.0,word,13.99,stimuli/audio/lw1_2.wav,224.038,0.1999999999999993,2000-01-01 00:00:00+00:00,,29.0,sentence,9.0,145.0,Allison,1.0,the,1.0,True,True,1,0,0,t0_s0_h1
2032,,,,no_sound,,,224.238,0.0,,,,,,,,,,,False,True,1,0,0,t0_s0_h1
2039,,,,no_sound,,,225.028,0.21999999999999886,,,,,,,,,,,False,True,1,0,0,t0_s0_h1
2040,lw1,0.0,2.0,word,15.2,stimuli/audio/lw1_2.wav,225.248,0.2800000000000011,2000-01-01 00:00:00+00:00,,29.0,sentence,11.0,145.0,Allison,1.0,but,1.0,True,True,1,0,0,t0_s0_h1
2044,,,,no_sound,,,225.528,0.010000000000019327,,,,,,,,,,,False,True,1,0,0,t0_s0_h1
2045,lw1,0.0,2.0,word,15.49,stimuli/audio/lw1_2.wav,225.538,0.3499999999999996,2000-01-01 00:00:00+00:00,,29.0,sentence,12.0,145.0,Allison,1.0,having,1.0,True,True,1,0,0,t0_s0_h1
2051,lw1,0.0,2.0,word,15.839999,stimuli/audio/lw1_2.wav,225.888,0.209999999999999,2000-01-01 00:00:00+00:00,,29.0,sentence,13.0,145.0,Allison,1.0,that,1.0,True,True,1,0,0,t0_s0_h1
2068,,,,no_sound,,,226.788,0.0,,,,,,,,,,,False,True,1,0,0,t0_s0_h1
2074,,,,no_sound,,,227.27800000000002,0.4399999999999693,,,,,,,,,,,False,True,1,0,0,t0_s0_h1
2079,,,,no_sound,,,228.01799999999997,2.842170943040401e-14,,,,,,,,,,,False,True,1,0,0,t0_s0_h1
2088,lw1,0.0,2.0,word,18.359999,stimuli/audio/lw1_2.wav,228.408,0.1400000000000005,2000-01-01 00:00:00+00:00,,30.0,sentence,3.0,145.0,Allison,1.0,be,1.0,True,True,1,0,0,t0_s0_h1
2092,,,,no_sound,,,228.54799999999997,2.842170943040401e-14,,,,,,,,,,,False,True,1,0,0,t0_s0_h1
2093,lw1,0.0,2.0,word,18.5,stimuli/audio/lw1_2.wav,228.548,0.25,2000-01-01 00:00:00+00:00,,30.0,sentence,4.0,145.0,Allison,1.0,more,1.0,True,True,1,0,0,t0_s0_h1
2105,,,,no_sound,,,229.318,0.5999999999999943,,,,,,,,,,,False,True,1,0,0,t0_s0_h1
2110,,,,no_sound,,,230.43800000000002,0.19999999999998863,,,,,,,,,,,False,True,1,0,0,t0_s0_h1
2118,,,,no_sound,,,231.028,0.3900000000000148,,,,,,,,,,,False,True,1,0,0,t0_s0_h1
2123,,,,no_sound,,,231.818,0.0,,,,,,,,,,,False,True,1,0,0,t0_s0_h1
2127,,,,no_sound,,,232.198,0.5300000000000011,,,,,,,,,,,False,True,1,0,0,t0_s0_h1
2128,lw1,0.0,2.0,word,22.68,stimuli/audio/lw1_2.wav,232.728,0.1700000000000017,2000-01-01 00:00:00+00:00,,31.0,sentence,9.0,145.0,Allison,1.0,be,1.0,True,True,1,0,0,t0_s0_h1
2142,,,,no_sound,,,233.718,1.1100000000000136,,,,,,,,,,,False,True,1,0,0,t0_s0_h1
2143,lw1,0.0,2.0,word,24.78,stimuli/audio/lw1_2.wav,234.828,0.3399999999999998,2000-01-01 00:00:00+00:00,,32.0,sentence,0.0,145.0,Allison,1.0,Any,1.0,True,True,1,0,0,t0_s0_h1
2147,lw1,0.0,2.0,word,25.12,stimuli/audio/lw1_2.wav,235.168,0.259999999999998,2000-01-01 00:00:00+00:00,,32.0,sentence,1.0,145.0,Allison,1.0,crew,1.0,True,True,1,0,0,t0_s0_h1
2152,,,,no_sound,,,235.428,0.5200000000000102,,,,,,,,,,,False,True,1,0,0,t0_s0_h1
2169,,,,no_sound,,,236.69799999999998,2.842170943040401e-14,,,,,,,,,,,False,True,1,0,0,t0_s0_h1
2178,,,,no_sound,,,237.448,0.0,,,,,,,,,,,False,True,1,0,0,t0_s0_h1
2182,,,,no_sound,,,237.578,0.0,,,,,,,,,,,False,True,1,0,0,t0_s0_h1
2191,,,,no_sound,,,238.148,0.060000000000002274,,,,,,,,,,,False,True,1,0,0,t0_s0_h1
2192,lw1,0.0,2.0,word,28.16,stimuli/audio/lw1_2.wav,238.208,0.2100000000000008,2000-01-01 00:00:00+00:00,,32.0,sentence,8.0,145.0,Allison,1.0,was,1.0,True,True,1,0,0,t0_s0_h1
2196,,,,no_sound,,,238.418,0.009999999999990905,,,,,,,,,,,False,True,1,0,0,t0_s0_h1
2197,lw1,0.0,2.0,word,28.38,stimuli/audio/lw1_2.wav,238.428,0.5199999999999996,2000-01-01 00:00:00+00:00,,32.0,sentence,9.0,145.0,Allison,1.0,meat,1.0,True,True,1,0,0,t0_s0_h1
2201,,,,no_sound,,,238.948,0.2699999999999818,,,,,,,,,,,False,True,1,0,0,t0_s0_h1
2205,,,,no_sound,,,239.38799999999998,2.842170943040401e-14,,,,,,,,,,,False,True,1,0,0,t0_s0_h1
2206,lw1,0.0,2.0,word,29.34,stimuli/audio/lw1_2.wav,239.388,0.1700000000000017,2000-01-01 00:00:00+00:00,,33.0,sentence,1.0,145.0,Allison,1.0,would,1.0,True,True,1,0,0,t0_s0_h1
2210,,,,no_sound,,,239.558,0.010000000000019327,,,,,,,,,,,False,True,1,0,0,t0_s0_h1
2211,lw1,0.0,2.0,word,29.52,stimuli/audio/lw1_2.wav,239.568,0.2199999999999988,2000-01-01 00:00:00+00:00,,33.0,sentence,2.0,145.0,Allison,1.0,be,1.0,True,True,1,0,0,t0_s0_h1
2217,lw1,0.0,2.0,word,29.809999,stimuli/audio/lw1_2.wav,239.858,0.389999999999997,2000-01-01 00:00:00+00:00,,33.0,sentence,4.0,145.0,Allison,1.0,shame,1.0,True,True,1,0,0,t0_s0_h1
2222,,,,no_sound,,,240.248,0.0,,,,,,,,,,,False,True,1,0,0,t0_s0_h1
2226,lw1,0.0,2.0,word,30.37,stimuli/audio/lw1_2.wav,240.418,0.3200000000000003,2000-01-01 00:00:00+00:00,,33.0,sentence,6.0,145.0,Allison,1.0,lose,1.0,True,True,1,0,0,t0_s0_h1
2231,,,,no_sound,,,240.738,0.0,,,,,,,,,,,False,True,1,0,0,t0_s0_h1
2236,,,,no_sound,,,240.938,0.010000000000019327,,,,,,,,,,,False,True,1,0,0,t0_s0_h1
2244,,,,no_sound,,,241.578,0.25,,,,,,,,,,,False,True,1,0,0,t0_s0_h1
2245,lw1,0.0,2.0,word,31.78,stimuli/audio/lw1_2.wav,241.828,0.490000000000002,2000-01-01 00:00:00+00:00,,33.0,sentence,9.0,145.0,Allison,1.0,though,1.0,True,True,1,0,0,t0_s0_h1
2248,,,,no_sound,,,242.318,1.5599999999999739,,,,,,,,,,,False,True,1,0,0,t0_s0_h1
2249,lw1,0.0,2.0,word,33.83,stimuli/audio/lw1_2.wav,243.878,0.2000000000000028,2000-01-01 00:00:00+00:00,,34.0,sentence,1.0,145.0,Allison,1.0,her,1.0,True,True,1,0,0,t0_s0_h1
2252,,,,no_sound,,,244.07799999999997,2.842170943040401e-14,,,,,,,,,,,False,True,1,0,0,t0_s0_h1
2258,,,,no_sound,,,244.468,0.0,,,,,,,,,,,False,True,1,0,0,t0_s0_h1
2265,,,,no_sound,,,245.28799999999998,0.19000000000002615,,,,,,,,,,,False,True,1,0,0,t0_s0_h1
2266,lw1,0.0,2.0,word,35.43,stimuli/audio/lw1_2.wav,245.478,0.2299999999999968,2000-01-01 00:00:00+00:00,,34.0,sentence,4.0,145.0,Allison,1.0,was,1.0,True,True,1,0,0,t0_s0_h1
2270,,,,no_sound,,,245.708,0.009999999999990905,,,,,,,,,,,False,True,1,0,0,t0_s0_h1
2271,lw1,0.0,2.0,word,35.67,stimuli/audio/lw1_2.wav,245.718,0.5300000000000011,2000-01-01 00:00:00+00:00,,34.0,sentence,5.0,145.0,Allison,1.0,staring,1.0,True,True,1,0,0,t0_s0_h1
2278,,,,no_sound,,,246.248,0.8000000000000114,,,,,,,,,,,False,True,1,0,0,t0_s0_h1
2282,lw1,0.0,2.0,word,37.02,stimuli/audio/lw1_2.wav,247.068,0.1599999999999966,2000-01-01 00:00:00+00:00,,34.0,sentence,8.0,145.0,Allison,1.0,his,1.0,True,True,1,0,0,t0_s0_h1
2294,,,,no_sound,,,247.818,0.7599999999999909,,,,,,,,,,,False,True,1,0,0,t0_s0_h1
2295,lw1,0.0,2.0,word,38.53,stimuli/audio/lw1_2.wav,248.578,0.3799999999999954,2000-01-01 00:00:00+00:00,,35.0,word_list,0.0,145.0,Allison,1.0,color,1.0,True,True,1,0,0,t0_s0_h1
2307,lw1,0.0,2.0,word,39.44,stimuli/audio/lw1_2.wav,249.488,0.3599999999999994,2000-01-01 00:00:00+00:00,,35.0,word_list,2.0,145.0,Allison,1.0,metals,1.0,True,True,1,0,0,t0_s0_h1
2315,,,,no_sound,,,249.84799999999998,0.010000000000019327,,,,,,,,,,,False,True,1,0,0,t0_s0_h1
2316,lw1,0.0,2.0,word,39.81,stimuli/audio/lw1_2.wav,249.858,0.5399999999999991,2000-01-01 00:00:00+00:00,,35.0,word_list,3.0,145.0,Allison,1.0,system,1.0,True,True,1,0,0,t0_s0_h1
2328,,,,no_sound,,,250.678,0.009999999999990905,,,,,,,,,,,False,True,1,0,0,t0_s0_h1
2332,,,,no_sound,,,250.88799999999998,2.842170943040401e-14,,,,,,,,,,,False,True,1,0,0,t0_s0_h1
2333,lw1,0.0,2.0,word,40.84,stimuli/audio/lw1_2.wav,250.888,0.25,2000-01-01 00:00:00+00:00,,35.0,word_list,6.0,145.0,Allison,1.0,all,1.0,True,True,1,0,0,t0_s0_h1
2336,,,,no_sound,,,251.138,0.01999999999998181,,,,,,,,,,,False,True,1,0,0,t0_s0_h1
2337,lw1,0.0,2.0,word,41.11,stimuli/audio/lw1_2.wav,251.158,0.5799999999999983,2000-01-01 00:00:00+00:00,,35.0,word_list,7.0,145.0,Allison,1.0,charges,1.0,True,True,1,0,0,t0_s0_h1
2348,lw1,0.0,2.0,word,41.86,stimuli/audio/lw1_2.wav,251.908,0.1799999999999997,2000-01-01 00:00:00+00:00,,35.0,word_list,9.0,145.0,Allison,1.0,this,1.0,True,True,1,0,0,t0_s0_h1
2353,lw1,0.0,2.0,word,42.04,stimuli/audio/lw1_2.wav,252.088,0.7100000000000009,2000-01-01 00:00:00+00:00,,35.0,word_list,10.0,145.0,Allison,1.0,discretion,1.0,True,True,1,0,0,t0_s0_h1
2364,,,,no_sound,,,252.798,0.0,,,,,,,,,,,False,True,1,0,0,t0_s0_h1
2385,lw1,0.0,2.0,word,44.099999,stimuli/audio/lw1_2.wav,254.148,0.2200000000000059,2000-01-01 00:00:00+00:00,,35.0,word_list,14.0,145.0,Allison,1.0,air,1.0,True,True,1,0,0,t0_s0_h1
2396,,,,no_sound,,,254.81799999999998,1.4300000000000068,,,,,,,,,,,False,True,1,0,0,t0_s0_h1
2405,,,,no_sound,,,256.64799999999997,5.684341886080802e-14,,,,,,,,,,,False,True,1,0,0,t0_s0_h1
2410,,,,no_sound,,,256.848,0.029999999999972715,,,,,,,,,,,False,True,1,0,0,t0_s0_h1
2415,lw1,0.0,2.0,word,47.09,stimuli/audio/lw1_2.wav,257.138,0.2199999999999988,2000-01-01 00:00:00+00:00,,36.0,sentence,4.0,145.0,Allison,1.0,was,1.0,True,True,1,0,0,t0_s0_h1
2420,,,,no_sound,,,257.35799999999995,5.684341886080802e-14,,,,,,,,,,,False,True,1,0,0,t0_s0_h1
2421,lw1,0.0,2.0,word,47.309999,stimuli/audio/lw1_2.wav,257.358,0.2100000000000008,2000-01-01 00:00:00+00:00,,36.0,sentence,5.0,145.0,Allison,1.0,all,1.0,True,True,1,0,0,t0_s0_h1
2424,,,,no_sound,,,257.568,0.009999999999990905,,,,,,,,,,,False,True,1,0,0,t0_s0_h1
2430,,,,no_sound,,,258.15799999999996,0.6200000000000614,,,,,,,,,,,False,True,1,0,0,t0_s0_h1
2431,lw1,0.0,2.0,word,48.73,stimuli/audio/lw1_2.wav,258.778,0.2200000000000059,2000-01-01 00:00:00+00:00,,37.0,sentence,0.0,145.0,Allison,1.0,She,1.0,True,True,1,0,0,t0_s0_h1
2440,,,,no_sound,,,259.498,0.009999999999990905,,,,,,,,,,,False,True,1,0,0,t0_s0_h1
2445,,,,no_sound,,,259.808,0.0,,,,,,,,,,,False,True,1,0,0,t0_s0_h1
2462,,,,no_sound,,,260.958,0.01999999999998181,,,,,,,,,,,False,True,1,0,0,t0_s0_h1
2469,lw1,0.0,2.0,word,51.38,stimuli/audio/lw1_2.wav,261.428,0.1799999999999997,2000-01-01 00:00:00+00:00,,37.0,sentence,6.0,145.0,Allison,1.0,in,1.0,True,True,1,0,0,t0_s0_h1
2473,,,,no_sound,,,261.608,0.0,,,,,,,,,,,False,True,1,0,0,t0_s0_h1
2478,,,,no_sound,,,261.918,0.009999999999990905,,,,,,,,,,,False,True,1,0,0,t0_s0_h1
2479,lw1,0.0,2.0,word,51.88,stimuli/audio/lw1_2.wav,261.928,0.3599999999999994,2000-01-01 00:00:00+00:00,,37.0,sentence,8.0,145.0,Allison,1.0,black,1.0,True,True,1,0,0,t0_s0_h1
2484,,,,no_sound,,,262.288,0.009999999999990905,,,,,,,,,,,False,True,1,0,0,t0_s0_h1
2490,,,,no_sound,,,262.70799999999997,0.020000000000038654,,,,,,,,,,,False,True,1,0,0,t0_s0_h1
2491,lw1,0.0,2.0,word,52.68,stimuli/audio/lw1_2.wav,262.728,0.2999999999999971,2000-01-01 00:00:00+00:00,,37.0,sentence,10.0,145.0,Allison,1.0,tap,1.0,True,True,1,0,0,t0_s0_h1
2495,lw1,0.0,2.0,word,52.98,stimuli/audio/lw1_2.wav,263.028,0.2100000000000008,2000-01-01 00:00:00+00:00,,37.0,sentence,11.0,145.0,Allison,1.0,out,1.0,True,True,1,0,0,t0_s0_h1
2499,,,,no_sound,,,263.238,0.0,,,,,,,,,,,False,True,1,0,0,t0_s0_h1
2513,,,,no_sound,,,264.288,0.0,,,,,,,,,,,False,True,1,0,0,t0_s0_h1
2517,lw1,0.0,2.0,word,54.449999,stimuli/audio/lw1_2.wav,264.498,0.1099999999999994,2000-01-01 00:00:00+00:00,,37.0,sentence,14.0,145.0,Allison,1.0,the,1.0,True,True,1,0,0,t0_s0_h1
2521,,,,no_sound,,,264.608,0.029999999999972715,,,,,,,,,,,False,True,1,0,0,t0_s0_h1
2522,lw1,0.0,2.0,word,54.59,stimuli/audio/lw1_2.wav,264.638,0.5599999999999952,2000-01-01 00:00:00+00:00,,37.0,sentence,15.0,145.0,Allison,1.0,panel,1.0,True,True,1,0,0,t0_s0_h1
2528,,,,no_sound,,,265.198,0.7200000000000273,,,,,,,,,,,False,True,1,0,0,t0_s0_h1
2529,lw1,0.0,2.0,word,55.87,stimuli/audio/lw1_2.wav,265.918,0.240000000000002,2000-01-01 00:00:00+00:00,,38.0,sentence,0.0,145.0,Allison,1.0,His,1.0,True,True,1,0,0,t0_s0_h1
2533,,,,no_sound,,,266.158,0.009999999999990905,,,,,,,,,,,False,True,1,0,0,t0_s0_h1
2546,,,,no_sound,,,266.998,0.38999999999998636,,,,,,,,,,,False,True,1,0,0,t0_s0_h1
2551,lw1,0.0,2.0,word,57.71,stimuli/audio/lw1_2.wav,267.758,0.1799999999999997,2000-01-01 00:00:00+00:00,,38.0,sentence,5.0,145.0,Allison,1.0,and,1.0,True,True,1,0,0,t0_s0_h1
2556,,,,no_sound,,,267.938,0.0,,,,,,,,,,,False,True,1,0,0,t0_s0_h1
2562,,,,no_sound,,,268.498,0.25,,,,,,,,,,,False,True,1,0,0,t0_s0_h1
2569,lw1,0.0,2.0,word,59.27,stimuli/audio/lw1_2.wav,269.318,0.3899999999999934,2000-01-01 00:00:00+00:00,,38.0,sentence,8.0,145.0,Allison,1.0,every,1.0,True,True,1,0,0,t0_s0_h1
2575,,,,no_sound,,,269.70799999999997,5.684341886080802e-14,,,,,,,,,,,False,True,1,0,0,t0_s0_h1
2576,lw1,0.0,2.0,word,59.66,stimuli/audio/lw1_2.wav,269.708,0.3600000000000065,2000-01-01 00:00:00+00:00,,38.0,sentence,9.0,145.0,Allison,1.0,sound,1.0,True,True,1,0,0,t0_s0_h1
2581,,,,no_sound,,,270.06800000000004,0.009999999999934062,,,,,,,,,,,False,True,1,0,0,t0_s0_h1
2586,,,,no_sound,,,270.28799999999995,5.684341886080802e-14,,,,,,,,,,,False,True,1,0,0,t0_s0_h1
2587,lw1,0.0,2.0,word,60.24,stimuli/audio/lw1_2.wav,270.288,0.1199999999999974,2000-01-01 00:00:00+00:00,,38.0,sentence,11.0,145.0,Allison,1.0,the,1.0,True,True,1,0,0,t0_s0_h1
2590,,,,no_sound,,,270.408,0.339999999999975,,,,,,,,,,,False,True,1,0,0,t0_s0_h1
2596,,,,no_sound,,,271.20799999999997,0.19000000000005457,,,,,,,,,,,False,True,1,0,0,t0_s0_h1
2601,,,,no_sound,,,271.838,0.0,,,,,,,,,,,False,True,1,0,0,t0_s0_h1
2611,,,,no_sound,,,272.408,0.029999999999972715,,,,,,,,,,,False,True,1,0,0,t0_s0_h1
2616,,,,no_sound,,,272.768,0.0,,,,,,,,,,,False,True,1,0,0,t0_s0_h1
2623,,,,no_sound,,,273.16799999999995,0.010000000000047748,,,,,,,,,,,False,True,1,0,0,t0_s0_h1
2624,lw1,0.0,2.0,word,63.13,stimuli/audio/lw1_2.wav,273.178,0.1299999999999954,2000-01-01 00:00:00+00:00,,38.0,sentence,18.0,145.0,Allison,1.0,to,1.0,True,True,1,0,0,t0_s0_h1
2627,lw1,0.0,2.0,word,63.26,stimuli/audio/lw1_2.wav,273.308,0.1300000000000025,2000-01-01 00:00:00+00:00,,38.0,sentence,19.0,145.0,Allison,1.0,the,1.0,True,True,1,0,0,t0_s0_h1
2631,lw1,0.0,2.0,word,63.389999,stimuli/audio/lw1_2.wav,273.438,0.3499999999999943,2000-01-01 00:00:00+00:00,,38.0,sentence,20.0,145.0,Allison,1.0,rhythm,1.0,True,True,1,0,0,t0_s0_h1
2638,,,,no_sound,,,273.788,0.0,,,,,,,,,,,False,True,1,0,0,t0_s0_h1
2642,lw1,0.0,2.0,word,63.9,stimuli/audio/lw1_2.wav,273.948,0.1699999999999946,2000-01-01 00:00:00+00:00,,38.0,sentence,22.0,145.0,Allison,1.0,his,1.0,True,True,1,0,0,t0_s0_h1
2647,,,,no_sound,,,274.118,0.009999999999990905,,,,,,,,,,,False,True,1,0,0,t0_s0_h1
2648,lw1,0.0,2.0,word,64.08,stimuli/audio/lw1_2.wav,274.128,0.5900000000000034,2000-01-01 00:00:00+00:00,,38.0,sentence,23.0,145.0,Allison,1.0,thoughts,1.0,True,True,1,0,0,t0_s0_h1
2653,,,,no_sound,,,274.71799999999996,1.170000000000016,,,,,,,,,,,False,True,1,0,0,t0_s0_h1
2659,,,,no_sound,,,276.248,0.0,,,,,,,,,,,False,True,1,0,0,t0_s0_h1
2664,,,,no_sound,,,276.52799999999996,5.684341886080802e-14,,,,,,,,,,,False,True,1,0,0,t0_s0_h1
2665,lw1,0.0,2.0,word,66.48,stimuli/audio/lw1_2.wav,276.528,0.1799999999999926,2000-01-01 00:00:00+00:00,,39.0,sentence,2.0,145.0,Allison,1.0,of,1.0,True,True,1,0,0,t0_s0_h1
2668,,,,no_sound,,,276.708,0.0,,,,,,,,,,,False,True,1,0,0,t0_s0_h1
2672,,,,no_sound,,,276.88800000000003,0.45999999999997954,,,,,,,,,,,False,True,1,0,0,t0_s0_h1
2688,,,,no_sound,,,278.428,0.0,,,,,,,,,,,False,True,1,0,0,t0_s0_h1
2698,,,,no_sound,,,278.978,0.009999999999990905,,,,,,,,,,,False,True,1,0,0,t0_s0_h1
2702,lw1,0.0,2.0,word,69.08,stimuli/audio/lw1_2.wav,279.128,0.2100000000000079,2000-01-01 00:00:00+00:00,,39.0,sentence,10.0,145.0,Allison,1.0,was,1.0,True,True,1,0,0,t0_s0_h1
2707,,,,no_sound,,,279.33799999999997,0.4000000000000341,,,,,,,,,,,False,True,1,0,0,t0_s0_h1
2708,lw1,0.0,2.0,word,69.69,stimuli/audio/lw1_2.wav,279.738,0.2300000000000039,2000-01-01 00:00:00+00:00,,39.0,sentence,11.0,145.0,Allison,1.0,no,1.0,True,True,1,0,0,t0_s0_h1
2711,,,,no_sound,,,279.968,0.0,,,,,,,,,,,False,True,1,0,0,t0_s0_h1
2729,,,,no_sound,,,281.328,0.8900000000000432,,,,,,,,,,,False,True,1,0,0,t0_s0_h1
2730,lw1,0.0,2.0,word,72.17,stimuli/audio/lw1_2.wav,282.218,0.2300000000000039,2000-01-01 00:00:00+00:00,,40.0,sentence,0.0,145.0,Allison,1.0,His,1.0,True,True,1,0,0,t0_s0_h1
2742,,,,no_sound,,,282.96799999999996,0.010000000000047748,,,,,,,,,,,False,True,1,0,0,t0_s0_h1
2746,,,,no_sound,,,283.288,0.6399999999999864,,,,,,,,,,,False,True,1,0,0,t0_s0_h1
2747,lw1,0.0,2.0,word,73.88,stimuli/audio/lw1_2.wav,283.928,0.25,2000-01-01 00:00:00+00:00,,40.0,sentence,3.0,145.0,Allison,1.0,which,1.0,True,True,1,0,0,t0_s0_h1
2751,lw1,0.0,2.0,word,74.13,stimuli/audio/lw1_2.wav,284.178,0.2000000000000028,2000-01-01 00:00:00+00:00,,40.0,sentence,4.0,145.0,Allison,1.0,would,1.0,True,True,1,0,0,t0_s0_h1
2756,,,,no_sound,,,284.378,0.009999999999990905,,,,,,,,,,,False,True,1,0,0,t0_s0_h1
2760,,,,no_sound,,,284.568,0.4800000000000182,,,,,,,,,,,False,True,1,0,0,t0_s0_h1
2761,lw1,0.0,2.0,word,75.0,stimuli/audio/lw1_2.wav,285.048,0.5100000000000051,2000-01-01 00:00:00+00:00,,40.0,sentence,7.0,145.0,Allison,1.0,golden,1.0,True,True,1,0,0,t0_s0_h1
2781,,,,no_sound,,,286.09799999999996,0.05000000000006821,,,,,,,,,,,False,True,1,0,0,t0_s0_h1
2791,,,,no_sound,,,286.648,0.009999999999990905,,,,,,,,,,,False,True,1,0,0,t0_s0_h1
2797,,,,no_sound,,,287.058,0.05000000000001137,,,,,,,,,,,False,True,1,0,0,t0_s0_h1
2804,,,,no_sound,,,287.748,0.22000000000002728,,,,,,,,,,,False,True,1,0,0,t0_s0_h1
2809,lw1,0.0,2.0,word,78.17,stimuli/audio/lw1_2.wav,288.218,0.289999999999992,2000-01-01 00:00:00+00:00,,40.0,sentence,15.0,145.0,Allison,1.0,dyed,1.0,True,True,1,0,0,t0_s0_h1
2814,,,,no_sound,,,288.508,0.009999999999990905,,,,,,,,,,,False,True,1,0,0,t0_s0_h1
2823,,,,no_sound,,,289.14799999999997,5.684341886080802e-14,,,,,,,,,,,False,True,1,0,0,t0_s0_h1
2824,lw1,0.0,2.0,word,79.1,stimuli/audio/lw1_2.wav,289.148,0.1900000000000119,2000-01-01 00:00:00+00:00,,40.0,sentence,17.0,145.0,Allison,1.0,to,1.0,True,True,1,0,0,t0_s0_h1
2827,,,,no_sound,,,289.338,0.0,,,,,,,,,,,False,True,1,0,0,t0_s0_h1
2842,,,,no_sound,,,290.22800000000007,0.2199999999999136,,,,,,,,,,,False,True,1,0,0,t0_s0_h1
2843,lw1,0.0,2.0,word,80.4,stimuli/audio/lw1_2.wav,290.448,0.2299999999999897,2000-01-01 00:00:00+00:00,,40.0,sentence,21.0,145.0,Allison,1.0,and,1.0,True,True,1,0,0,t0_s0_h1
2847,,,,no_sound,,,290.67799999999994,5.684341886080802e-14,,,,,,,,,,,False,True,1,0,0,t0_s0_h1
2852,lw1,0.0,2.0,word,80.83,stimuli/audio/lw1_2.wav,290.878,0.3100000000000023,2000-01-01 00:00:00+00:00,,40.0,sentence,23.0,145.0,Allison,1.0,mane,1.0,True,True,1,0,0,t0_s0_h1
2857,lw1,0.0,2.0,word,81.139999,stimuli/audio/lw1_2.wav,291.188,0.3799999999999954,2000-01-01 00:00:00+00:00,,40.0,sentence,24.0,145.0,Allison,1.0,trimmed,1.0,True,True,1,0,0,t0_s0_h1
2869,,,,no_sound,,,291.738,0.009999999999990905,,,,,,,,,,,False,True,1,0,0,t0_s0_h1
2875,lw1,0.0,2.0,word,82.0,stimuli/audio/lw1_2.wav,292.048,0.1500000000000056,2000-01-01 00:00:00+00:00,,40.0,sentence,27.0,145.0,Allison,1.0,as,1.0,True,True,1,0,0,t0_s0_h1
2879,,,,no_sound,,,292.198,0.0,,,,,,,,,,,False,True,1,0,0,t0_s0_h1
2883,,,,no_sound,,,292.35799999999995,0.020000000000038654,,,,,,,,,,,False,True,1,0,0,t0_s0_h1
2887,,,,no_sound,,,292.52799999999996,0.010000000000047748,,,,,,,,,,,False,True,1,0,0,t0_s0_h1
2905,,,,no_sound,,,293.648,0.009999999999990905,,,,,,,,,,,False,True,1,0,0,t0_s0_h1
2910,lw1,0.0,2.0,word,83.82,stimuli/audio/lw1_2.wav,293.868,0.1500000000000056,2000-01-01 00:00:00+00:00,,40.0,sentence,32.0,145.0,Allison,1.0,the,1.0,True,True,1,0,0,t0_s0_h1
2920,,,,no_sound,,,294.328,0.0,,,,,,,,,,,False,True,1,0,0,t0_s0_h1
2924,,,,no_sound,,,294.45799999999997,5.684341886080802e-14,,,,,,,,,,,False,True,1,0,0,t0_s0_h1
2925,lw1,0.0,2.0,word,84.41,stimuli/audio/lw1_2.wav,294.458,0.2000000000000028,2000-01-01 00:00:00+00:00,,40.0,sentence,35.0,145.0,Allison,1.0,his,1.0,True,True,1,0,0,t0_s0_h1
2934,,,,no_sound,,,295.148,1.079999999999984,,,,,,,,,,,False,True,1,0,0,t0_s0_h1
2935,lw1,0.0,2.0,word,86.179999,stimuli/audio/lw1_2.wav,296.228,0.2400000000000091,2000-01-01 00:00:00+00:00,,41.0,sentence,0.0,205.0,Allison,1.0,His,1.0,True,True,1,0,0,t0_s0_h1
2939,lw1,0.0,2.0,word,86.42,stimuli/audio/lw1_2.wav,296.468,0.3199999999999932,2000-01-01 00:00:00+00:00,,41.0,sentence,1.0,205.0,Allison,1.0,eyes,1.0,True,True,1,0,0,t0_s0_h1
2943,,,,no_sound,,,296.788,0.01999999999998181,,,,,,,,,,,False,True,1,0,0,t0_s0_h1
2953,,,,no_sound,,,297.128,0.0,,,,,,,,,,,False,True,1,0,0,t0_s0_h1
2961,,,,no_sound,,,297.478,0.0,,,,,,,,,,,False,True,1,0,0,t0_s0_h1
2966,,,,no_sound,,,297.618,0.0,,,,,,,,,,,False,True,1,0,0,t0_s0_h1
2975,,,,no_sound,,,297.988,0.0,,,,,,,,,,,False,True,1,0,0,t0_s0_h1
2979,lw1,0.0,2.0,word,88.07,stimuli/audio/lw1_2.wav,298.118,0.0800000000000125,2000-01-01 00:00:00+00:00,,41.0,sentence,8.0,205.0,Allison,1.0,a,1.0,True,True,1,0,0,t0_s0_h1
2982,,,,no_sound,,,298.198,0.0,,,,,,,,,,,False,True,1,0,0,t0_s0_h1
2987,,,,no_sound,,,298.42799999999994,0.030000000000086402,,,,,,,,,,,False,True,1,0,0,t0_s0_h1
2988,lw1,0.0,2.0,word,88.41,stimuli/audio/lw1_2.wav,298.458,0.25,2000-01-01 00:00:00+00:00,,41.0,sentence,10.0,205.0,Allison,1.0,purple,1.0,True,True,1,0,0,t0_s0_h1
3006,,,,no_sound,,,299.298,0.0,,,,,,,,,,,False,True,1,0,0,t0_s0_h1
3010,lw1,0.0,2.0,word,89.33,stimuli/audio/lw1_2.wav,299.378,0.3200000000000074,2000-01-01 00:00:00+00:00,,41.0,sentence,14.0,205.0,Allison,1.0,brilliant,1.0,True,True,1,0,0,t0_s0_h1
3020,,,,no_sound,,,299.698,0.05000000000001137,,,,,,,,,,,False,True,1,0,0,t0_s0_h1
3021,lw1,0.0,2.0,word,89.699999,stimuli/audio/lw1_2.wav,299.748,0.3699999999999903,2000-01-01 00:00:00+00:00,,41.0,sentence,15.0,205.0,Allison,1.0,golden,1.0,True,True,1,0,0,t0_s0_h1
3028,,,,no_sound,,,300.118,0.0,,,,,,,,,,,False,True,1,0,0,t0_s0_h1
3034,,,,no_sound,,,300.39799999999997,5.684341886080802e-14,,,,,,,,,,,False,True,1,0,0,t0_s0_h1
3035,lw1,0.0,2.0,word,90.35,stimuli/audio/lw1_2.wav,300.398,0.2800000000000011,2000-01-01 00:00:00+00:00,,41.0,sentence,17.0,205.0,Allison,1.0,color,1.0,True,True,1,0,0,t0_s0_h1
3040,,,,no_sound,,,300.678,0.0,,,,,,,,,,,False,True,1,0,0,t0_s0_h1
3045,lw1,0.0,2.0,word,90.75,stimuli/audio/lw1_2.wav,300.798,0.1500000000000056,2000-01-01 00:00:00+00:00,,41.0,sentence,19.0,205.0,Allison,1.0,would,1.0,True,True,1,0,0,t0_s0_h1
3050,,,,no_sound,,,300.948,0.0,,,,,,,,,,,False,True,1,0,0,t0_s0_h1
3056,,,,no_sound,,,301.16799999999995,5.684341886080802e-14,,,,,,,,,,,False,True,1,0,0,t0_s0_h1
3057,lw1,0.0,2.0,word,91.12,stimuli/audio/lw1_2.wav,301.168,0.1199999999999903,2000-01-01 00:00:00+00:00,,41.0,sentence,21.0,205.0,Allison,1.0,him,1.0,True,True,1,0,0,t0_s0_h1
3061,lw1,0.0,2.0,word,91.24,stimuli/audio/lw1_2.wav,301.288,0.0900000000000034,2000-01-01 00:00:00+00:00,,41.0,sentence,22.0,205.0,Allison,1.0,as,1.0,True,True,1,0,0,t0_s0_h1
3069,,,,no_sound,,,301.478,0.0,,,,,,,,,,,False,True,1,0,0,t0_s0_h1
3075,,,,no_sound,,,301.778,0.6299999999999955,,,,,,,,,,,False,True,1,0,0,t0_s0_h1
3076,lw1,0.0,2.0,word,92.36,stimuli/audio/lw1_2.wav,302.408,0.1700000000000017,2000-01-01 00:00:00+00:00,,41.0,sentence,26.0,205.0,Allison,1.0,and,1.0,True,True,1,0,0,t0_s0_h1
3080,lw1,0.0,2.0,word,92.53,stimuli/audio/lw1_2.wav,302.578,0.2399999999999948,2000-01-01 00:00:00+00:00,,41.0,sentence,27.0,205.0,Allison,1.0,leader,1.0,True,True,1,0,0,t0_s0_h1
3086,lw1,0.0,2.0,word,92.77,stimuli/audio/lw1_2.wav,302.818,0.0799999999999983,2000-01-01 00:00:00+00:00,,41.0,sentence,28.0,205.0,Allison,1.0,of,1.0,True,True,1,0,0,t0_s0_h1
3090,,,,no_sound,,,302.89799999999997,0.010000000000047748,,,,,,,,,,,False,True,1,0,0,t0_s0_h1
3095,,,,no_sound,,,303.088,8.038999999999987,,,,,,,,,,,False,True,1,0,0,t0_s0_h1
3105,,,,no_sound,,,311.537,0.160000000000025,,,,,,,,,,,False,True,1,0,0,t0_s0_h1
3106,lw1,0.0,3.0,word,0.67,stimuli/audio/lw1_3.wav,311.697,0.1899999999999999,2000-01-01 00:00:00+00:00,,42.0,sentence,2.0,205.0,Allison,1.0,he,1.0,True,True,1,0,0,t0_s0_h1
3115,lw1,0.0,3.0,word,1.05,stimuli/audio/lw1_3.wav,312.077,0.1499999999999999,2000-01-01 00:00:00+00:00,,42.0,sentence,4.0,205.0,Allison,1.0,like,1.0,True,True,1,0,0,t0_s0_h1
3133,,,,no_sound,,,312.837,0.009999999999990905,,,,,,,,,,,False,True,1,0,0,t0_s0_h1
3134,lw1,0.0,3.0,word,1.82,stimuli/audio/lw1_3.wav,312.847,0.28,2000-01-01 00:00:00+00:00,,42.0,sentence,7.0,205.0,Allison,1.0,wolf,1.0,True,True,1,0,0,t0_s0_h1
3139,,,,no_sound,,,313.12699999999995,0.22000000000002728,,,,,,,,,,,False,True,1,0,0,t0_s0_h1
3140,lw1,0.0,3.0,word,2.32,stimuli/audio/lw1_3.wav,313.347,0.25,2000-01-01 00:00:00+00:00,,42.0,sentence,10.0,205.0,Allison,1.0,learned,1.0,True,True,1,0,0,t0_s0_h1
3145,,,,no_sound,,,313.597,0.010000000000047748,,,,,,,,,,,False,True,1,0,0,t0_s0_h1
3150,,,,no_sound,,,314.007,0.13999999999998636,,,,,,,,,,,False,True,1,0,0,t0_s0_h1
3151,lw1,0.0,3.0,word,3.12,stimuli/audio/lw1_3.wav,314.147,0.4499999999999997,2000-01-01 00:00:00+00:00,,42.0,sentence,12.0,205.0,Allison,1.0,typing,1.0,True,True,1,0,0,t0_s0_h1
3157,,,,no_sound,,,314.597,0.6299999999999955,,,,,,,,,,,False,True,1,0,0,t0_s0_h1
3161,,,,no_sound,,,315.37699999999995,5.684341886080802e-14,,,,,,,,,,,False,True,1,0,0,t0_s0_h1
3162,lw1,0.0,3.0,word,4.35,stimuli/audio/lw1_3.wav,315.377,0.2700000000000004,2000-01-01 00:00:00+00:00,,43.0,sentence,1.0,205.0,Allison,1.0,scout,1.0,True,True,1,0,0,t0_s0_h1
3167,lw1,0.0,3.0,word,4.62,stimuli/audio/lw1_3.wav,315.647,0.2599999999999998,2000-01-01 00:00:00+00:00,,43.0,sentence,2.0,205.0,Allison,1.0,ship,1.0,True,True,1,0,0,t0_s0_h1
3172,,,,no_sound,,,315.907,0.4700000000000273,,,,,,,,,,,False,True,1,0,0,t0_s0_h1
3173,lw1,0.0,3.0,word,5.35,stimuli/audio/lw1_3.wav,316.377,0.1699999999999999,2000-01-01 00:00:00+00:00,,43.0,sentence,4.0,205.0,Allison,1.0,from,1.0,True,True,1,0,0,t0_s0_h1
3178,lw1,0.0,3.0,word,5.52,stimuli/audio/lw1_3.wav,316.547,0.08,2000-01-01 00:00:00+00:00,,43.0,sentence,5.0,205.0,Allison,1.0,the,1.0,True,True,1,0,0,t0_s0_h1
3187,,,,no_sound,,,316.947,0.160000000000025,,,,,,,,,,,False,True,1,0,0,t0_s0_h1
3188,lw1,0.0,3.0,word,6.08,stimuli/audio/lw1_3.wav,317.107,0.0700000000000002,2000-01-01 00:00:00+00:00,,43.0,sentence,7.0,205.0,Allison,1.0,a,1.0,True,True,1,0,0,t0_s0_h1
3206,,,,no_sound,,,317.827,0.38999999999998636,,,,,,,,,,,False,True,1,0,0,t0_s0_h1
3214,,,,no_sound,,,318.567,0.0,,,,,,,,,,,False,True,1,0,0,t0_s0_h1
3219,lw1,0.0,3.0,word,7.73,stimuli/audio/lw1_3.wav,318.757,0.0499999999999998,2000-01-01 00:00:00+00:00,,43.0,sentence,12.0,205.0,Allison,1.0,a,1.0,True,True,1,0,0,t0_s0_h1
3228,,,,no_sound,,,319.137,0.0,,,,,,,,,,,False,True,1,0,0,t0_s0_h1
3232,,,,no_sound,,,319.207,0.009999999999990905,,,,,,,,,,,False,True,1,0,0,t0_s0_h1
3233,lw1,0.0,3.0,word,8.19,stimuli/audio/lw1_3.wav,319.217,0.370000000000001,2000-01-01 00:00:00+00:00,,43.0,sentence,15.0,205.0,Allison,1.0,velvety,1.0,True,True,1,0,0,t0_s0_h1
3241,lw1,0.0,3.0,word,8.559999,stimuli/audio/lw1_3.wav,319.587,0.620000000000001,2000-01-01 00:00:00+00:00,,43.0,sentence,16.0,205.0,Allison,1.0,blackness,1.0,True,True,1,0,0,t0_s0_h1
3250,,,,no_sound,,,320.207,0.7599999999999909,,,,,,,,,,,False,True,1,0,0,t0_s0_h1
3251,lw1,0.0,3.0,word,9.94,stimuli/audio/lw1_3.wav,320.967,0.200000000000001,2000-01-01 00:00:00+00:00,,44.0,sentence,0.0,205.0,Allison,1.0,It s,1.0,True,True,1,0,0,t0_s0_h1
3255,lw1,0.0,3.0,word,10.139999,stimuli/audio/lw1_3.wav,321.167,0.2200000000000006,2000-01-01 00:00:00+00:00,,44.0,sentence,1.0,205.0,Allison,1.0,hail,1.0,True,True,1,0,0,t0_s0_h1
3260,,,,no_sound,,,321.387,0.45999999999997954,,,,,,,,,,,False,True,1,0,0,t0_s0_h1
3261,lw1,0.0,3.0,word,10.82,stimuli/audio/lw1_3.wav,321.847,0.2400000000000002,2000-01-01 00:00:00+00:00,,44.0,sentence,3.0,205.0,Allison,1.0,across,1.0,True,True,1,0,0,t0_s0_h1
3267,,,,no_sound,,,322.087,0.0,,,,,,,,,,,False,True,1,0,0,t0_s0_h1
3271,,,,no_sound,,,322.207,0.4700000000000273,,,,,,,,,,,False,True,1,0,0,t0_s0_h1
3272,lw1,0.0,3.0,word,11.65,stimuli/audio/lw1_3.wav,322.677,0.1999999999999993,2000-01-01 00:00:00+00:00,,44.0,sentence,6.0,205.0,Allison,1.0,and,1.0,True,True,1,0,0,t0_s0_h1
3276,lw1,0.0,3.0,word,11.849999,stimuli/audio/lw1_3.wav,322.877,0.2799999999999993,2000-01-01 00:00:00+00:00,,44.0,sentence,7.0,205.0,Allison,1.0,Tara,1.0,True,True,1,0,0,t0_s0_h1
3282,,,,no_sound,,,323.157,0.009999999999990905,,,,,,,,,,,False,True,1,0,0,t0_s0_h1
3283,lw1,0.0,3.0,word,12.139999,stimuli/audio/lw1_3.wav,323.167,0.2699999999999996,2000-01-01 00:00:00+00:00,,44.0,sentence,8.0,205.0,Allison,1.0,spun,1.0,True,True,1,0,0,t0_s0_h1
3288,,,,no_sound,,,323.43699999999995,5.684341886080802e-14,,,,,,,,,,,False,True,1,0,0,t0_s0_h1
3299,lw1,0.0,3.0,word,12.889999,stimuli/audio/lw1_3.wav,323.917,0.1400000000000005,2000-01-01 00:00:00+00:00,,44.0,sentence,11.0,205.0,Allison,1.0,her,1.0,True,True,1,0,0,t0_s0_h1
3303,,,,no_sound,,,324.05699999999996,5.684341886080802e-14,,,,,,,,,,,False,True,1,0,0,t0_s0_h1
3304,lw1,0.0,3.0,word,13.03,stimuli/audio/lw1_3.wav,324.057,0.1900000000000012,2000-01-01 00:00:00+00:00,,44.0,sentence,12.0,205.0,Allison,1.0,seat,1.0,True,True,1,0,0,t0_s0_h1
3322,,,,no_sound,,,324.80699999999996,0.7700000000000387,,,,,,,,,,,False,True,1,0,0,t0_s0_h1
3323,lw1,0.0,3.0,word,14.549999,stimuli/audio/lw1_3.wav,325.577,0.4399999999999995,2000-01-01 00:00:00+00:00,,45.0,sentence,0.0,205.0,Allison,1.0,Launch,1.0,True,True,1,0,0,t0_s0_h1
3339,lw1,0.0,3.0,word,15.44,stimuli/audio/lw1_3.wav,326.467,0.2900000000000009,2000-01-01 00:00:00+00:00,,45.0,sentence,3.0,205.0,Allison,1.0,probe,1.0,True,True,1,0,0,t0_s0_h1
3345,,,,no_sound,,,326.757,1.1299999999999955,,,,,,,,,,,False,True,1,0,0,t0_s0_h1
3346,lw1,0.0,3.0,word,16.859999,stimuli/audio/lw1_3.wav,327.887,0.360000000000003,2000-01-01 00:00:00+00:00,,46.0,sentence,2.0,205.0,Allison,1.0,Central,1.0,True,True,1,0,0,t0_s0_h1
3354,,,,no_sound,,,328.247,0.009999999999990905,,,,,,,,,,,False,True,1,0,0,t0_s0_h1
3358,,,,no_sound,,,328.377,0.0,,,,,,,,,,,False,True,1,0,0,t0_s0_h1
3365,lw1,0.0,3.0,word,17.609999,stimuli/audio/lw1_3.wav,328.637,0.1000000000000014,2000-01-01 00:00:00+00:00,,46.0,sentence,5.0,205.0,Allison,1.0,to,1.0,True,True,1,0,0,t0_s0_h1
3379,,,,no_sound,,,329.017,0.0,,,,,,,,,,,False,True,1,0,0,t0_s0_h1
3386,,,,no_sound,,,329.337,0.009999999999990905,,,,,,,,,,,False,True,1,0,0,t0_s0_h1
3398,,,,no_sound,,,329.847,0.020000000000038654,,,,,,,,,,,False,True,1,0,0,t0_s0_h1
3399,lw1,0.0,3.0,word,18.84,stimuli/audio/lw1_3.wav,329.867,0.3300000000000018,2000-01-01 00:00:00+00:00,,46.0,sentence,11.0,205.0,Allison,1.0,yielded,1.0,True,True,1,0,0,t0_s0_h1
3406,lw1,0.0,3.0,word,19.17,stimuli/audio/lw1_3.wav,330.197,0.1899999999999977,2000-01-01 00:00:00+00:00,,46.0,sentence,12.0,205.0,Allison,1.0,little,1.0,True,True,1,0,0,t0_s0_h1
3413,,,,no_sound,,,330.387,0.0,,,,,,,,,,,False,True,1,0,0,t0_s0_h1
3418,,,,no_sound,,,330.597,0.29000000000002046,,,,,,,,,,,False,True,1,0,0,t0_s0_h1
3419,lw1,0.0,3.0,word,19.86,stimuli/audio/lw1_3.wav,330.887,0.120000000000001,2000-01-01 00:00:00+00:00,,46.0,sentence,14.0,205.0,Allison,1.0,than,1.0,True,True,1,0,0,t0_s0_h1
3426,,,,no_sound,,,331.067,0.0,,,,,,,,,,,False,True,1,0,0,t0_s0_h1
3432,lw1,0.0,3.0,word,20.37,stimuli/audio/lw1_3.wav,331.397,0.1600000000000001,2000-01-01 00:00:00+00:00,,46.0,sentence,17.0,205.0,Allison,1.0,F,1.0,True,True,1,0,0,t0_s0_h1
3436,lw1,0.0,3.0,word,20.53,stimuli/audio/lw1_3.wav,331.557,0.3699999999999974,2000-01-01 00:00:00+00:00,,46.0,sentence,18.0,205.0,Allison,1.0,planet,1.0,True,True,1,0,0,t0_s0_h1
3444,lw1,0.0,3.0,word,20.9,stimuli/audio/lw1_3.wav,331.927,0.120000000000001,2000-01-01 00:00:00+00:00,,46.0,sentence,19.0,205.0,Allison,1.0,and,1.0,True,True,1,0,0,t0_s0_h1
3449,lw1,0.0,3.0,word,21.02,stimuli/audio/lw1_3.wav,332.047,0.0399999999999991,2000-01-01 00:00:00+00:00,,46.0,sentence,20.0,205.0,Allison,1.0,a,1.0,True,True,1,0,0,t0_s0_h1
3452,lw1,0.0,3.0,word,21.06,stimuli/audio/lw1_3.wav,332.087,0.2699999999999996,2000-01-01 00:00:00+00:00,,46.0,sentence,21.0,205.0,Allison,1.0,white,1.0,True,True,1,0,0,t0_s0_h1
3457,,,,no_sound,,,332.35699999999997,5.684341886080802e-14,,,,,,,,,,,False,True,1,0,0,t0_s0_h1
3472,,,,no_sound,,,333.04699999999997,0.8300000000000409,,,,,,,,,,,False,True,1,0,0,t0_s0_h1
3479,,,,no_sound,,,334.177,2.009999999999991,,,,,,,,,,,False,True,1,0,0,t0_s0_h1
3480,lw1,0.0,3.0,word,25.16,stimuli/audio/lw1_3.wav,336.187,0.0899999999999998,2000-01-01 00:00:00+00:00,,47.0,sentence,2.0,205.0,Allison,1.0,and,1.0,True,True,1,0,0,t0_s0_h1
3484,,,,no_sound,,,336.277,5.819999999999993,,,,,,,,,,,False,True,1,0,0,t0_s0_h1
3485,lw1,0.0,3.0,word,31.07,stimuli/audio/lw1_3.wav,342.097,0.1499999999999985,2000-01-01 00:00:00+00:00,,47.0,sentence,10.0,205.0,Allison,1.0,and,1.0,True,True,1,0,0,t0_s0_h1
3489,,,,no_sound,,,342.24699999999996,0.32000000000005,,,,,,,,,,,False,True,1,0,0,t0_s0_h1
3490,lw1,0.0,3.0,word,31.54,stimuli/audio/lw1_3.wav,342.567,0.1900000000000012,2000-01-01 00:00:00+00:00,,49.0,sentence,14.0,205.0,Allison,1.0,let,1.0,True,True,1,0,0,t0_s0_h1
3494,lw1,0.0,3.0,word,31.73,stimuli/audio/lw1_3.wav,342.757,0.1999999999999993,2000-01-01 00:00:00+00:00,,49.0,sentence,15.0,205.0,Allison,1.0,loose,1.0,True,True,1,0,0,t0_s0_h1
3499,lw1,0.0,3.0,word,31.929999,stimuli/audio/lw1_3.wav,342.957,0.0700000000000002,2000-01-01 00:00:00+00:00,,49.0,sentence,16.0,205.0,Allison,1.0,a,1.0,True,True,1,0,0,t0_s0_h1
3502,,,,no_sound,,,343.027,0.0,,,,,,,,,,,False,True,1,0,0,t0_s0_h1
3508,,,,no_sound,,,343.30699999999996,5.684341886080802e-14,,,,,,,,,,,False,True,1,0,0,t0_s0_h1
3514,,,,no_sound,,,343.817,0.13999999999998636,,,,,,,,,,,False,True,1,0,0,t0_s0_h1
3515,lw1,0.0,3.0,word,32.929999,stimuli/audio/lw1_3.wav,343.957,0.1599999999999966,2000-01-01 00:00:00+00:00,,49.0,sentence,19.0,205.0,Allison,1.0,as,1.0,True,True,1,0,0,t0_s0_h1
3518,,,,no_sound,,,344.11699999999996,5.684341886080802e-14,,,,,,,,,,,False,True,1,0,0,t0_s0_h1
3519,lw1,0.0,3.0,word,33.089999,stimuli/audio/lw1_3.wav,344.117,0.1400000000000005,2000-01-01 00:00:00+00:00,,49.0,sentence,20.0,205.0,Allison,1.0,if,1.0,True,True,1,0,0,t0_s0_h1
3522,lw1,0.0,3.0,word,33.23,stimuli/audio/lw1_3.wav,344.257,0.1500000000000056,2000-01-01 00:00:00+00:00,,49.0,pseudo_words,20.0,205.0,Allison,1.0,ro,1.0,True,True,1,0,0,t0_s0_h1
3526,,,,no_sound,,,344.407,0.09000000000003183,,,,,,,,,,,False,True,1,0,0,t0_s0_h1
3533,,,,no_sound,,,344.867,0.0,,,,,,,,,,,False,True,1,0,0,t0_s0_h1
3546,,,,no_sound,,,345.467,0.0,,,,,,,,,,,False,True,1,0,0,t0_s0_h1
3565,,,,no_sound,,,346.457,1.5600000000000023,,,,,,,,,,,False,True,1,0,0,t0_s0_h1
3566,lw1,0.0,3.0,word,36.99,stimuli/audio/lw1_3.wav,348.017,0.4799999999999969,2000-01-01 00:00:00+00:00,,50.0,sentence,3.0,205.0,Allison,1.0,twenty,1.0,True,True,1,0,0,t0_s0_h1
3573,,,,no_sound,,,348.497,0.14999999999997726,,,,,,,,,,,False,True,1,0,0,t0_s0_h1
3586,lw1,0.0,3.0,word,38.17,stimuli/audio/lw1_3.wav,349.197,0.2100000000000008,2000-01-01 00:00:00+00:00,,50.0,sentence,6.0,205.0,Allison,1.0,so,1.0,True,True,1,0,0,t0_s0_h1
3595,,,,no_sound,,,349.80699999999996,0.1300000000000523,,,,,,,,,,,False,True,1,0,0,t0_s0_h1
3600,lw1,0.0,3.0,word,39.09,stimuli/audio/lw1_3.wav,350.117,0.1499999999999985,2000-01-01 00:00:00+00:00,,50.0,sentence,9.0,205.0,Allison,1.0,none,1.0,True,True,1,0,0,t0_s0_h1
3605,,,,no_sound,,,350.267,0.0,,,,,,,,,,,False,True,1,0,0,t0_s0_h1
3610,lw1,0.0,3.0,word,39.39,stimuli/audio/lw1_3.wav,350.417,0.240000000000002,2000-01-01 00:00:00+00:00,,50.0,sentence,11.0,205.0,Allison,1.0,turned,1.0,True,True,1,0,0,t0_s0_h1
3616,,,,no_sound,,,350.657,0.03000000000002956,,,,,,,,,,,False,True,1,0,0,t0_s0_h1
3620,,,,no_sound,,,350.837,0.0,,,,,,,,,,,False,True,1,0,0,t0_s0_h1
3628,,,,no_sound,,,351.187,0.0,,,,,,,,,,,False,True,1,0,0,t0_s0_h1
3633,,,,no_sound,,,351.34700000000004,0.7699999999999818,,,,,,,,,,,False,True,1,0,0,t0_s0_h1
3638,,,,no_sound,,,352.53700000000003,0.48999999999995225,,,,,,,,,,,False,True,1,0,0,t0_s0_h1
3648,,,,no_sound,,,353.61699999999996,5.684341886080802e-14,,,,,,,,,,,False,True,1,0,0,t0_s0_h1
3661,,,,no_sound,,,354.097,0.05000000000001137,,,,,,,,,,,False,True,1,0,0,t0_s0_h1
3668,,,,no_sound,,,354.467,0.7400000000000091,,,,,,,,,,,False,True,1,0,0,t0_s0_h1
3673,,,,no_sound,,,355.397,0.8400000000000318,,,,,,,,,,,False,True,1,0,0,t0_s0_h1
3679,lw1,0.0,3.0,word,45.46,stimuli/audio/lw1_3.wav,356.487,0.490000000000002,2000-01-01 00:00:00+00:00,,51.0,word_list,9.0,205.0,Allison,1.0,reflection,1.0,True,True,1,0,0,t0_s0_h1
3690,,,,no_sound,,,356.97700000000003,0.0999999999999659,,,,,,,,,,,False,True,1,0,0,t0_s0_h1
3697,,,,no_sound,,,357.447,0.2300000000000182,,,,,,,,,,,False,True,1,0,0,t0_s0_h1
3703,lw1,0.0,3.0,word,46.94,stimuli/audio/lw1_3.wav,357.967,0.1300000000000025,2000-01-01 00:00:00+00:00,,52.0,sentence,1.0,205.0,Allison,1.0,would,1.0,True,True,1,0,0,t0_s0_h1
3708,,,,no_sound,,,358.097,0.0,,,,,,,,,,,False,True,1,0,0,t0_s0_h1
3713,,,,no_sound,,,358.31699999999995,0.35000000000002274,,,,,,,,,,,False,True,1,0,0,t0_s0_h1
3714,lw1,0.0,3.0,word,47.639999,stimuli/audio/lw1_3.wav,358.667,0.1799999999999997,2000-01-01 00:00:00+00:00,,52.0,sentence,3.0,205.0,Allison,1.0,let,1.0,True,True,1,0,0,t0_s0_h1
3718,lw1,0.0,3.0,word,47.82,stimuli/audio/lw1_3.wav,358.847,0.2199999999999988,2000-01-01 00:00:00+00:00,,52.0,sentence,4.0,205.0,Allison,1.0,giddy,1.0,True,True,1,0,0,t0_s0_h1
3724,,,,no_sound,,,359.06699999999995,5.684341886080802e-14,,,,,,,,,,,False,True,1,0,0,t0_s0_h1
3725,lw1,0.0,3.0,word,48.04,stimuli/audio/lw1_3.wav,359.067,0.259999999999998,2000-01-01 00:00:00+00:00,,52.0,sentence,5.0,205.0,Allison,1.0,hopes,1.0,True,True,1,0,0,t0_s0_h1
3730,,,,no_sound,,,359.327,0.0,,,,,,,,,,,False,True,1,0,0,t0_s0_h1
3750,,,,no_sound,,,360.097,0.0,,,,,,,,,,,False,True,1,0,0,t0_s0_h1
3755,lw1,0.0,3.0,word,49.309999,stimuli/audio/lw1_3.wav,360.337,0.1700000000000017,2000-01-01 00:00:00+00:00,,52.0,sentence,11.0,205.0,Allison,1.0,that,1.0,True,True,1,0,0,t0_s0_h1
3760,,,,no_sound,,,360.507,0.009999999999990905,,,,,,,,,,,False,True,1,0,0,t0_s0_h1
3761,lw1,0.0,3.0,word,49.49,stimuli/audio/lw1_3.wav,360.517,0.1899999999999977,2000-01-01 00:00:00+00:00,,52.0,sentence,12.0,205.0,Allison,1.0,would,1.0,True,True,1,0,0,t0_s0_h1
3765,lw1,0.0,3.0,word,49.679999,stimuli/audio/lw1_3.wav,360.707,0.259999999999998,2000-01-01 00:00:00+00:00,,52.0,sentence,13.0,205.0,Allison,1.0,spell,1.0,True,True,1,0,0,t0_s0_h1
3771,,,,no_sound,,,360.967,0.12999999999999545,,,,,,,,,,,False,True,1,0,0,t0_s0_h1
3776,,,,no_sound,,,361.267,0.009999999999990905,,,,,,,,,,,False,True,1,0,0,t0_s0_h1
3777,lw1,0.0,3.0,word,50.25,stimuli/audio/lw1_3.wav,361.277,0.1400000000000005,2000-01-01 00:00:00+00:00,,52.0,sentence,16.0,205.0,Allison,1.0,for,1.0,True,True,1,0,0,t0_s0_h1
3780,,,,no_sound,,,361.417,0.07000000000005002,,,,,,,,,,,False,True,1,0,0,t0_s0_h1
3781,lw1,0.0,3.0,word,50.46,stimuli/audio/lw1_3.wav,361.487,0.5799999999999983,2000-01-01 00:00:00+00:00,,52.0,sentence,18.0,205.0,Allison,1.0,project,1.0,True,True,1,0,0,t0_s0_h1
3789,,,,no_sound,,,362.067,0.13999999999998636,,,,,,,,,,,False,True,1,0,0,t0_s0_h1
3790,lw1,0.0,3.0,word,51.179999,stimuli/audio/lw1_3.wav,362.207,0.1499999999999985,2000-01-01 00:00:00+00:00,,52.0,sentence,19.0,205.0,Allison,1.0,and,1.0,True,True,1,0,0,t0_s0_h1
3794,,,,no_sound,,,362.35699999999997,0.4600000000000364,,,,,,,,,,,False,True,1,0,0,t0_s0_h1
